postal_cd,postal_suffix_cd,internet_access_ind,utilities_included_ind,deposit_amt_eur,additional_cost_amt_eur,registration_cost_amt_eur,rent_amt_eur,price_per_night_eur,airbnb_income_amt,kamernet_income_amt,airbnb_income_rank,kamernet_income_rank
1015,AD,N,N,0.000,0.000,0.000,1350.000,1400.000,252000.000,16200.000,1,122
1033,WB,Y,N,2000.000,25.000,0.000,850.000,1305.000,234900.000,10175.000,2,187
1033,WB,Y,N,0.000,0.000,0.000,775.000,1305.000,234900.000,9300.000,2,204
1033,WB,Y,N,1000.000,50.000,0.000,775.000,1305.000,234900.000,9250.000,2,205
1033,WB,Y,N,2000.000,30.000,0.000,750.000,1305.000,234900.000,8970.000,2,213
1017,AL,N,N,0.000,0.000,0.000,1550.000,579.000,104220.000,18600.000,3,96
1017,TV,N,N,0.000,175.000,0.000,2050.000,550.000,99000.000,24425.000,4,36
1033,WB,Y,N,2000.000,25.000,0.000,850.000,435.000,78300.000,10175.000,5,187
1033,WB,Y,N,2000.000,25.000,0.000,850.000,435.000,78300.000,10175.000,5,187
1033,WB,Y,N,2000.000,25.000,0.000,850.000,435.000,78300.000,10175.000,5,187
1033,WB,Y,N,0.000,0.000,0.000,775.000,435.000,78300.000,9300.000,5,204
1033,WB,Y,N,0.000,0.000,0.000,775.000,435.000,78300.000,9300.000,5,204
1033,WB,Y,N,0.000,0.000,0.000,775.000,435.000,78300.000,9300.000,5,204
1033,WB,Y,N,1000.000,50.000,0.000,775.000,435.000,78300.000,9250.000,5,205
1033,WB,Y,N,1000.000,50.000,0.000,775.000,435.000,78300.000,9250.000,5,205
1033,WB,Y,N,1000.000,50.000,0.000,775.000,435.000,78300.000,9250.000,5,205
1033,WB,Y,N,2000.000,30.000,0.000,750.000,435.000,78300.000,8970.000,5,213
1033,WB,Y,N,2000.000,30.000,0.000,750.000,435.000,78300.000,8970.000,5,213
1033,WB,Y,N,2000.000,30.000,0.000,750.000,435.000,78300.000,8970.000,5,213
1017,VV,N,N,0.000,0.000,0.000,3500.000,420.000,75600.000,42000.000,6,7
1017,VV,N,N,0.000,0.000,0.000,3500.000,420.000,75600.000,42000.000,6,7
1017,VV,N,N,0.000,0.000,0.000,3250.000,420.000,75600.000,39000.000,6,9
1072,JL,Y,N,2350.000,0.000,0.000,2350.000,400.000,72000.000,28200.000,7,23
1072,JL,Y,N,2050.000,0.000,0.000,2050.000,400.000,72000.000,24600.000,7,35
1051,GX,Y,N,3000.000,0.000,0.000,1500.000,400.000,72000.000,18000.000,7,101
1074,AN,Y,N,5000.000,175.000,0.000,2500.000,395.000,71100.000,29825.000,8,18
1017,AL,N,N,0.000,0.000,0.000,1550.000,389.000,70020.000,18600.000,9,96
1087,HW,Y,N,1800.000,0.000,0.000,1625.000,375.000,67500.000,19500.000,10,85
1053,VJ,Y,N,1550.000,0.000,0.000,1550.000,375.000,67500.000,18600.000,10,96
1012,EW,Y,N,3000.000,0.000,0.000,1600.000,350.000,63000.000,19200.000,11,87
1053,RJ,N,N,0.000,0.000,0.000,1575.000,350.000,63000.000,18900.000,11,94
1012,EW,Y,N,3000.000,0.000,0.000,1500.000,350.000,63000.000,18000.000,11,101
1012,EW,N,N,0.000,0.000,0.000,1500.000,350.000,63000.000,18000.000,11,101
1012,EW,Y,N,3000.000,12.000,0.000,1500.000,350.000,63000.000,17988.000,11,102
1017,GE,Y,N,750.000,140.000,0.000,750.000,350.000,63000.000,8860.000,11,217
1079,BC,Y,N,686.000,0.000,0.000,686.000,350.000,63000.000,8232.000,11,222
1071,EV,N,N,0.000,175.000,0.000,4200.000,349.000,62820.000,50225.000,12,2
1066,SB,Y,N,0.000,0.000,0.000,1150.000,325.000,58500.000,13800.000,13,139
1015,AD,N,N,0.000,0.000,0.000,1350.000,320.000,57600.000,16200.000,14,122
1019,BG,N,N,0.000,0.000,0.000,1250.000,320.000,57600.000,15000.000,14,131
1015,JT,Y,N,900.000,0.000,0.000,900.000,320.000,57600.000,10800.000,14,167
1015,JT,Y,N,900.000,0.000,0.000,900.000,320.000,57600.000,10800.000,14,167
1011,TE,Y,N,1200.000,0.000,0.000,1200.000,310.000,55800.000,14400.000,15,135
1017,BJ,Y,N,1768.000,0.000,0.000,884.000,310.000,55800.000,10608.000,15,175
1017,BJ,Y,N,1768.000,0.000,0.000,884.000,310.000,55800.000,10608.000,15,175
1011,TE,N,N,30.000,0.000,30.000,800.000,310.000,55800.000,9570.000,15,197
1017,AS,Y,N,0.000,0.000,0.000,2250.000,300.000,54000.000,27000.000,16,27
1072,JK,N,N,4000.000,0.000,0.000,2000.000,300.000,54000.000,24000.000,16,37
1072,JK,Y,N,3400.000,150.000,0.000,1850.000,300.000,54000.000,22050.000,16,55
1072,JK,N,N,0.000,0.000,0.000,1750.000,300.000,54000.000,21000.000,16,65
1012,EW,Y,N,3000.000,0.000,0.000,1600.000,300.000,54000.000,19200.000,16,87
1012,KL,N,N,0.000,0.000,40.000,1600.000,300.000,54000.000,19160.000,16,88
1012,EW,Y,N,3000.000,0.000,0.000,1500.000,300.000,54000.000,18000.000,16,101
1012,EW,N,N,0.000,0.000,0.000,1500.000,300.000,54000.000,18000.000,16,101
1012,EW,Y,N,3000.000,12.000,0.000,1500.000,300.000,54000.000,17988.000,16,102
1018,SK,N,N,0.000,0.000,0.000,1450.000,300.000,54000.000,17400.000,16,110
1073,XR,Y,N,1450.000,90.000,0.000,1450.000,300.000,54000.000,17310.000,16,111
1013,JL,N,N,0.000,0.000,0.000,1400.000,300.000,54000.000,16800.000,16,114
1015,AD,N,N,0.000,0.000,0.000,1350.000,300.000,54000.000,16200.000,16,122
1073,XR,N,N,0.000,0.000,0.000,1350.000,300.000,54000.000,16200.000,16,122
1016,HP,Y,N,0.000,0.000,0.000,950.000,300.000,54000.000,11400.000,16,160
1016,HP,Y,N,950.000,0.000,0.000,950.000,300.000,54000.000,11400.000,16,160
1017,AA,Y,N,1700.000,110.000,0.000,875.000,300.000,54000.000,10390.000,16,181
1012,RR,N,N,500.000,250.000,0.000,474.000,300.000,54000.000,5438.000,16,251
1054,AP,Y,N,5000.000,0.000,100.000,2750.000,299.000,53820.000,32900.000,17,11
1054,AP,Y,N,0.000,0.000,0.000,2500.000,299.000,53820.000,30000.000,17,16
1054,AP,Y,N,0.000,0.000,0.000,2500.000,299.000,53820.000,30000.000,17,16
1054,AP,Y,N,0.000,0.000,0.000,2500.000,299.000,53820.000,30000.000,17,16
1017,AG,N,N,0.000,0.000,40.000,2500.000,299.000,53820.000,29960.000,17,17
1054,AP,Y,N,0.000,0.000,0.000,2300.000,299.000,53820.000,27600.000,17,26
1054,AP,Y,N,2000.000,0.000,0.000,1200.000,299.000,53820.000,14400.000,17,135
1054,AP,Y,N,2000.000,0.000,0.000,1200.000,299.000,53820.000,14400.000,17,135
1017,HK,Y,N,500.000,50.000,0.000,950.000,299.000,53820.000,11350.000,17,161
1017,AG,Y,N,1600.000,60.000,0.000,750.000,299.000,53820.000,8940.000,17,215
1017,AL,N,N,0.000,0.000,0.000,1550.000,295.000,53100.000,18600.000,18,96
1019,BG,N,N,0.000,0.000,0.000,1250.000,280.000,50400.000,15000.000,19,131
1072,CB,Y,N,1150.000,118.000,0.000,1150.000,280.000,50400.000,13682.000,19,140
1013,GM,Y,N,2200.000,0.000,0.000,1050.000,280.000,50400.000,12600.000,19,150
1013,GM,Y,N,1900.000,0.000,0.000,950.000,280.000,50400.000,11400.000,19,160
1072,CB,N,N,750.000,250.000,0.000,875.000,280.000,50400.000,10250.000,19,185
1054,ZE,N,N,1800.000,0.000,0.000,1800.000,275.000,49500.000,21600.000,20,57
1015,MT,N,N,0.000,0.000,40.000,1675.000,275.000,49500.000,20060.000,20,75
1059,CZ,Y,N,2000.000,0.000,0.000,1625.000,263.000,47340.000,19500.000,21,85
1015,JM,Y,N,0.000,175.000,0.000,900.000,260.000,46800.000,10625.000,22,174
1015,WH,Y,N,1450.000,0.000,0.000,1450.000,255.000,45900.000,17400.000,23,110
1074,HR,N,N,0.000,0.000,0.000,2500.000,250.000,45000.000,30000.000,24,16
1074,HR,N,N,0.000,0.000,0.000,2250.000,250.000,45000.000,27000.000,24,27
1074,HR,Y,N,0.000,0.000,0.000,2100.000,250.000,45000.000,25200.000,24,33
1011,BH,N,N,0.000,175.000,0.000,2100.000,250.000,45000.000,25025.000,24,34
1011,BH,N,N,0.000,175.000,0.000,2100.000,250.000,45000.000,25025.000,24,34
1074,HR,Y,N,0.000,0.000,0.000,1850.000,250.000,45000.000,22200.000,24,54
1023,NT,Y,N,1500.000,0.000,0.000,1500.000,250.000,45000.000,18000.000,24,101
1019,BG,N,N,0.000,0.000,0.000,1250.000,250.000,45000.000,15000.000,24,131
1018,SZ,Y,N,0.000,0.000,0.000,1100.000,250.000,45000.000,13200.000,24,143
1016,AM,Y,N,0.000,0.000,0.000,1000.000,250.000,45000.000,12000.000,24,153
1016,HP,Y,N,0.000,0.000,0.000,950.000,250.000,45000.000,11400.000,24,160
1016,HP,Y,N,950.000,0.000,0.000,950.000,250.000,45000.000,11400.000,24,160
1013,HA,N,N,0.000,0.000,0.000,1750.000,249.000,44820.000,21000.000,25,65
1012,ES,N,N,0.000,0.000,0.000,4000.000,245.000,44100.000,48000.000,26,3
1013,EH,N,N,0.000,0.000,40.000,2500.000,240.000,43200.000,29960.000,27,17
1013,EH,N,N,0.000,0.000,40.000,2500.000,240.000,43200.000,29960.000,27,17
1015,TP,N,N,4500.000,0.000,100.000,2250.000,240.000,43200.000,26900.000,27,28
1013,EH,N,N,0.000,0.000,0.000,1750.000,240.000,43200.000,21000.000,27,65
1015,TP,N,N,3000.000,20.000,0.000,1500.000,240.000,43200.000,17980.000,27,103
1015,TP,N,N,3000.000,20.000,0.000,1500.000,240.000,43200.000,17980.000,27,103
1015,TP,N,N,3000.000,20.000,0.000,1500.000,240.000,43200.000,17980.000,27,103
1073,VZ,Y,N,1750.000,0.000,0.000,1850.000,230.000,41400.000,22200.000,28,54
1073,VZ,Y,N,0.000,0.000,0.000,1650.000,230.000,41400.000,19800.000,28,78
1016,HG,Y,N,2000.000,0.000,0.000,2000.000,227.000,40860.000,24000.000,29,37
1016,HG,N,N,0.000,0.000,0.000,1950.000,227.000,40860.000,23400.000,29,45
1074,JA,Y,N,0.000,0.000,0.000,1950.000,225.000,40500.000,23400.000,30,45
1018,SK,N,N,0.000,0.000,0.000,1450.000,225.000,40500.000,17400.000,30,110
1016,RG,N,N,0.000,300.000,0.000,1350.000,225.000,40500.000,15900.000,30,126
1016,RG,N,N,0.000,300.000,0.000,1250.000,225.000,40500.000,14700.000,30,134
1016,RG,N,N,0.000,300.000,0.000,1250.000,225.000,40500.000,14700.000,30,134
1016,AM,Y,N,0.000,0.000,0.000,1000.000,225.000,40500.000,12000.000,30,153
1012,CL,N,N,1125.000,0.000,0.000,1125.000,220.000,39600.000,13500.000,31,142
1017,AA,Y,N,1700.000,110.000,0.000,875.000,220.000,39600.000,10390.000,31,181
1017,AA,Y,N,1700.000,110.000,0.000,875.000,220.000,39600.000,10390.000,31,181
1017,AA,Y,N,1700.000,110.000,0.000,875.000,220.000,39600.000,10390.000,31,181
1018,EK,Y,N,1550.000,125.000,0.000,775.000,220.000,39600.000,9175.000,31,207
1018,EK,Y,N,1550.000,125.000,0.000,775.000,220.000,39600.000,9175.000,31,207
1018,EK,Y,N,1500.000,150.000,0.000,775.000,220.000,39600.000,9150.000,31,208
1018,EK,Y,N,1550.000,175.000,0.000,775.000,220.000,39600.000,9125.000,31,209
1018,EK,Y,N,1550.000,200.000,0.000,775.000,220.000,39600.000,9100.000,31,211
1013,MD,N,N,0.000,0.000,0.000,1250.000,215.000,38700.000,15000.000,32,131
1091,EJ,Y,N,1200.000,150.000,0.000,1050.000,210.000,37800.000,12450.000,33,151
1016,CX,N,N,0.000,0.000,40.000,3650.000,200.000,36000.000,43760.000,34,6
1073,AT,N,N,0.000,300.000,0.000,2350.000,200.000,36000.000,27900.000,34,25
1016,CX,N,N,0.000,0.000,0.000,2250.000,200.000,36000.000,27000.000,34,27
1016,CX,N,N,0.000,0.000,0.000,2200.000,200.000,36000.000,26400.000,34,29
1017,TV,N,N,0.000,175.000,0.000,2050.000,200.000,36000.000,24425.000,34,36
1018,CW,Y,N,2150.000,150.000,0.000,1975.000,200.000,36000.000,23550.000,34,44
1019,HS,N,N,0.000,0.000,0.000,1795.000,200.000,36000.000,21540.000,34,59
1051,HA,Y,N,1800.000,100.000,0.000,1800.000,200.000,36000.000,21500.000,34,60
1051,EV,Y,N,1650.000,0.000,0.000,1650.000,200.000,36000.000,19800.000,34,78
1019,HS,N,N,0.000,0.000,0.000,1650.000,200.000,36000.000,19800.000,34,78
1012,AE,N,N,0.000,0.000,40.000,1650.000,200.000,36000.000,19760.000,34,80
1012,AE,N,N,0.000,0.000,40.000,1650.000,200.000,36000.000,19760.000,34,80
1012,AE,N,N,0.000,0.000,40.000,1650.000,200.000,36000.000,19760.000,34,80
1012,KL,N,N,0.000,0.000,40.000,1600.000,200.000,36000.000,19160.000,34,88
1051,HA,Y,N,2000.000,150.000,0.000,1550.000,200.000,36000.000,18450.000,34,97
1011,TZ,Y,N,0.000,0.000,0.000,1475.000,200.000,36000.000,17700.000,34,107
1011,TZ,N,N,1595.000,120.000,0.000,1475.000,200.000,36000.000,17580.000,34,109
1011,TZ,N,N,1595.000,120.000,0.000,1475.000,200.000,36000.000,17580.000,34,109
1055,BS,N,N,0.000,0.000,0.000,1400.000,200.000,36000.000,16800.000,34,114
1011,TZ,N,N,1395.000,120.000,0.000,1275.000,200.000,36000.000,15180.000,34,130
1011,TZ,N,N,1375.000,120.000,0.000,1275.000,200.000,36000.000,15180.000,34,130
1013,KX,Y,N,1600.000,120.000,0.000,1200.000,200.000,36000.000,14280.000,34,136
1011,TZ,Y,N,0.000,0.000,0.000,950.000,200.000,36000.000,11400.000,34,160
1056,TS,N,N,0.000,0.000,0.000,680.000,200.000,36000.000,8160.000,34,224
1056,TS,N,N,0.000,0.000,0.000,680.000,200.000,36000.000,8160.000,34,224
1056,TS,N,N,0.000,0.000,0.000,680.000,200.000,36000.000,8160.000,34,224
1056,TS,N,N,0.000,0.000,0.000,680.000,200.000,36000.000,8160.000,34,224
1016,GX,N,N,0.000,175.000,0.000,2150.000,199.000,35820.000,25625.000,35,32
1073,BA,N,N,0.000,0.000,0.000,1900.000,199.000,35820.000,22800.000,35,50
1072,HD,Y,N,0.000,0.000,0.000,2500.000,195.000,35100.000,30000.000,36,16
1016,HM,N,N,0.000,175.000,0.000,1750.000,195.000,35100.000,20825.000,36,67
1017,RJ,N,N,0.000,0.000,0.000,1595.000,195.000,35100.000,19140.000,36,89
1064,AA,Y,N,1500.000,100.000,0.000,1400.000,195.000,35100.000,16700.000,36,115
1013,MD,N,N,0.000,0.000,0.000,1250.000,195.000,35100.000,15000.000,36,131
1064,AA,Y,N,1220.000,140.000,0.000,1080.000,195.000,35100.000,12820.000,36,148
1064,AA,Y,N,1080.000,120.000,0.000,960.000,195.000,35100.000,11400.000,36,160
1064,AA,Y,N,890.000,110.000,0.000,780.000,195.000,35100.000,9250.000,36,205
1018,EK,Y,N,1550.000,125.000,0.000,775.000,195.000,35100.000,9175.000,36,207
1018,EK,Y,N,1550.000,125.000,0.000,775.000,195.000,35100.000,9175.000,36,207
1018,EK,Y,N,1500.000,150.000,0.000,775.000,195.000,35100.000,9150.000,36,208
1018,EK,Y,N,1550.000,175.000,0.000,775.000,195.000,35100.000,9125.000,36,209
1018,EK,Y,N,1550.000,200.000,0.000,775.000,195.000,35100.000,9100.000,36,211
1064,AA,Y,N,770.000,80.000,0.000,690.000,195.000,35100.000,8200.000,36,223
1064,AA,Y,N,690.000,80.000,0.000,610.000,195.000,35100.000,7240.000,36,232
1064,AA,Y,N,590.000,80.000,0.000,510.000,195.000,35100.000,6040.000,36,248
1012,ES,N,N,0.000,0.000,0.000,4000.000,190.000,34200.000,48000.000,37,3
1015,CR,N,N,0.000,0.000,40.000,1995.000,190.000,34200.000,23900.000,37,40
1071,XJ,Y,N,900.000,200.000,0.000,900.000,190.000,34200.000,10600.000,37,176
1071,XJ,Y,N,900.000,200.000,0.000,900.000,190.000,34200.000,10600.000,37,176
1057,AL,Y,N,4000.000,150.000,0.000,1850.000,189.000,34020.000,22050.000,38,55
1016,PS,Y,N,0.000,0.000,0.000,2200.000,185.000,33300.000,26400.000,39,29
1013,MD,N,N,0.000,0.000,0.000,1250.000,185.000,33300.000,15000.000,39,131
1011,LM,Y,N,0.000,0.000,0.000,1250.000,185.000,33300.000,15000.000,39,131
1091,EJ,Y,N,1200.000,150.000,0.000,1050.000,185.000,33300.000,12450.000,39,151
1078,PD,Y,N,0.000,0.000,0.000,975.000,185.000,33300.000,11700.000,39,158
1078,PD,Y,N,0.000,100.000,0.000,650.000,185.000,33300.000,7700.000,39,228
1072,HD,Y,N,0.000,0.000,0.000,2500.000,180.000,32400.000,30000.000,40,16
1098,HA,N,N,0.000,0.000,0.000,2300.000,180.000,32400.000,27600.000,40,26
1016,KW,N,N,0.000,175.000,0.000,1850.000,180.000,32400.000,22025.000,40,56
1018,MR,Y,N,3600.000,150.000,0.000,1800.000,180.000,32400.000,21450.000,40,61
1092,EV,N,N,0.000,0.000,0.000,1750.000,180.000,32400.000,21000.000,40,65
1012,KL,N,N,0.000,0.000,40.000,1600.000,180.000,32400.000,19160.000,40,88
1017,AL,N,N,0.000,0.000,0.000,1550.000,180.000,32400.000,18600.000,40,96
1017,AL,N,N,0.000,0.000,0.000,1550.000,180.000,32400.000,18600.000,40,96
1013,MM,Y,N,9000.000,456.000,57.000,4500.000,175.000,31500.000,53487.000,41,1
1017,AG,N,N,0.000,0.000,40.000,2500.000,175.000,31500.000,29960.000,41,17
1051,AB,N,N,2400.000,200.000,0.000,2500.000,175.000,31500.000,29800.000,41,19
1054,VZ,N,N,0.000,0.000,0.000,2350.000,175.000,31500.000,28200.000,41,23
1015,CR,N,N,0.000,0.000,40.000,1995.000,175.000,31500.000,23900.000,41,40
1078,GD,N,N,0.000,175.000,0.000,1950.000,175.000,31500.000,23225.000,41,47
1078,GD,N,N,0.000,175.000,0.000,1950.000,175.000,31500.000,23225.000,41,47
1058,LJ,Y,N,1850.000,0.000,0.000,1850.000,175.000,31500.000,22200.000,41,54
1013,HA,N,N,0.000,0.000,0.000,1750.000,175.000,31500.000,21000.000,41,65
1054,VZ,N,N,3276.000,0.000,0.000,1550.000,175.000,31500.000,18600.000,41,96
1051,GX,Y,N,3000.000,0.000,0.000,1500.000,175.000,31500.000,18000.000,41,101
1058,EC,N,N,2900.000,0.000,0.000,1475.000,175.000,31500.000,17700.000,41,107
1072,TK,Y,N,2950.000,120.000,0.000,1475.000,175.000,31500.000,17580.000,41,109
1072,TK,Y,N,2950.000,120.000,0.000,1475.000,175.000,31500.000,17580.000,41,109
1017,WV,Y,N,2000.000,0.000,0.000,1200.000,175.000,31500.000,14400.000,41,135
1017,AG,Y,N,1600.000,60.000,0.000,750.000,175.000,31500.000,8940.000,41,215
1018,DW,Y,N,650.000,100.000,0.000,650.000,175.000,31500.000,7700.000,41,228
1018,DW,Y,N,0.000,0.000,0.000,599.000,175.000,31500.000,7188.000,41,234
1018,DW,Y,N,0.000,0.000,0.000,599.000,175.000,31500.000,7188.000,41,234
1018,DW,Y,N,0.000,0.000,0.000,599.000,175.000,31500.000,7188.000,41,234
1018,DW,Y,N,0.000,0.000,0.000,499.000,175.000,31500.000,5988.000,41,249
1054,AA,N,N,0.000,0.000,0.000,3450.000,170.000,30600.000,41400.000,42,8
1054,AA,N,N,0.000,0.000,0.000,3450.000,170.000,30600.000,41400.000,42,8
1054,AA,N,N,0.000,0.000,0.000,3450.000,170.000,30600.000,41400.000,42,8
1054,AA,N,N,0.000,0.000,0.000,3450.000,170.000,30600.000,41400.000,42,8
1054,AA,N,N,0.000,0.000,0.000,3450.000,170.000,30600.000,41400.000,42,8
1074,EH,N,N,0.000,0.000,0.000,1850.000,170.000,30600.000,22200.000,42,54
1074,EH,N,N,0.000,0.000,0.000,1795.000,170.000,30600.000,21540.000,42,59
1073,BW,N,N,2000.000,0.000,0.000,1625.000,170.000,30600.000,19500.000,42,85
1012,SV,Y,N,1768.000,184.000,30.000,1584.000,170.000,30600.000,18794.000,42,95
1051,XC,Y,N,1400.000,150.000,0.000,1400.000,170.000,30600.000,16650.000,42,117
1012,SV,Y,N,925.000,125.000,30.000,800.000,170.000,30600.000,9445.000,42,202
1017,JG,Y,N,2500.000,0.000,0.000,1250.000,169.000,30420.000,15000.000,43,131
1016,CT,N,N,0.000,300.000,0.000,1795.000,165.000,29700.000,21240.000,44,64
1016,CT,N,N,0.000,300.000,0.000,1795.000,165.000,29700.000,21240.000,44,64
1058,HM,N,N,3500.000,0.000,0.000,1750.000,165.000,29700.000,21000.000,44,65
1011,PT,Y,N,3500.000,0.000,0.000,1700.000,165.000,29700.000,20400.000,44,70
1052,CP,N,N,0.000,0.000,0.000,1650.000,165.000,29700.000,19800.000,44,78
1011,PT,Y,N,3500.000,0.000,0.000,1650.000,165.000,29700.000,19800.000,44,78
1052,CP,N,N,0.000,0.000,0.000,1600.000,165.000,29700.000,19200.000,44,87
1058,HM,N,N,0.000,0.000,40.000,1350.000,165.000,29700.000,16160.000,44,123
1019,RS,Y,N,1000.000,0.000,0.000,1000.000,165.000,29700.000,12000.000,44,153
1072,XP,Y,N,955.000,50.000,0.000,995.000,165.000,29700.000,11890.000,44,155
1054,AA,N,N,0.000,0.000,0.000,3450.000,160.000,28800.000,41400.000,45,8
1054,AA,N,N,0.000,0.000,0.000,3450.000,160.000,28800.000,41400.000,45,8
1054,AA,N,N,0.000,0.000,0.000,3450.000,160.000,28800.000,41400.000,45,8
1054,AA,N,N,0.000,0.000,0.000,3450.000,160.000,28800.000,41400.000,45,8
1054,AA,N,N,0.000,0.000,0.000,3450.000,160.000,28800.000,41400.000,45,8
1016,PS,Y,N,0.000,0.000,0.000,2200.000,160.000,28800.000,26400.000,45,29
1074,EN,Y,N,1975.000,150.000,0.000,1975.000,160.000,28800.000,23550.000,45,44
1011,BK,N,N,0.000,175.000,0.000,1850.000,160.000,28800.000,22025.000,45,56
1011,BK,N,N,0.000,175.000,0.000,1795.000,160.000,28800.000,21365.000,45,63
1072,CB,Y,N,1150.000,118.000,0.000,1150.000,160.000,28800.000,13682.000,45,140
1072,HN,Y,N,1500.000,0.000,0.000,1100.000,160.000,28800.000,13200.000,45,143
1072,XP,Y,N,955.000,50.000,0.000,995.000,160.000,28800.000,11890.000,45,155
1072,CB,N,N,750.000,250.000,0.000,875.000,160.000,28800.000,10250.000,45,185
1054,XB,Y,N,3100.000,0.000,0.000,1613.000,159.000,28620.000,19356.000,46,86
1012,NG,N,N,0.000,0.000,0.000,1550.000,159.000,28620.000,18600.000,46,96
1073,GE,Y,N,1515.000,140.000,0.000,1515.000,159.000,28620.000,18040.000,46,100
1051,XC,Y,N,1400.000,150.000,0.000,1400.000,159.000,28620.000,16650.000,46,117
1073,LM,Y,N,0.000,0.000,0.000,900.000,159.000,28620.000,10800.000,46,167
1073,LM,Y,N,0.000,50.000,0.000,775.000,159.000,28620.000,9250.000,46,205
1012,NH,Y,N,1350.000,40.000,35.000,900.000,156.000,28080.000,10725.000,47,169
1052,CW,N,N,0.000,0.000,40.000,2700.000,155.000,27900.000,32360.000,48,13
1012,RK,Y,N,0.000,0.000,0.000,1550.000,155.000,27900.000,18600.000,48,96
1012,RK,Y,N,0.000,0.000,0.000,1500.000,155.000,27900.000,18000.000,48,101
1012,RK,Y,N,0.000,0.000,0.000,1495.000,155.000,27900.000,17940.000,48,104
1013,KX,Y,N,1600.000,120.000,0.000,1200.000,155.000,27900.000,14280.000,48,136
1011,EJ,Y,N,2475.000,80.000,0.000,825.000,155.000,27900.000,9820.000,48,194
1091,AZ,Y,N,0.000,0.000,0.000,2500.000,150.000,27000.000,30000.000,49,16
1073,AT,N,N,0.000,300.000,0.000,2350.000,150.000,27000.000,27900.000,49,25
1082,GM,N,N,0.000,0.000,0.000,2300.000,150.000,27000.000,27600.000,49,26
1078,LM,N,N,2150.000,0.000,0.000,2150.000,150.000,27000.000,25800.000,49,31
1017,XH,Y,N,4300.000,50.000,0.000,1950.000,150.000,27000.000,23350.000,49,46
1095,BJ,Y,N,1900.000,300.000,0.000,1900.000,150.000,27000.000,22500.000,49,53
1016,VV,Y,N,3600.000,200.000,0.000,1800.000,150.000,27000.000,21400.000,49,62
1013,HA,N,N,0.000,0.000,0.000,1750.000,150.000,27000.000,21000.000,49,65
1013,HA,N,N,0.000,0.000,0.000,1750.000,150.000,27000.000,21000.000,49,65
1017,XH,N,N,0.000,0.000,0.000,1750.000,150.000,27000.000,21000.000,49,65
1012,AE,N,N,0.000,0.000,40.000,1650.000,150.000,27000.000,19760.000,49,80
1012,AE,N,N,0.000,0.000,40.000,1650.000,150.000,27000.000,19760.000,49,80
1012,AE,N,N,0.000,0.000,40.000,1650.000,150.000,27000.000,19760.000,49,80
1051,VE,N,N,1600.000,0.000,0.000,1600.000,150.000,27000.000,19200.000,49,87
1059,CX,Y,N,1585.000,0.000,0.000,1585.000,150.000,27000.000,19020.000,49,91
1051,HR,Y,N,1500.000,0.000,0.000,1550.000,150.000,27000.000,18600.000,49,96
1051,HR,Y,N,1500.000,0.000,0.000,1550.000,150.000,27000.000,18600.000,49,96
1072,PC,N,N,1550.000,0.000,0.000,1550.000,150.000,27000.000,18600.000,49,96
1059,CX,Y,N,1500.000,0.000,0.000,1500.000,150.000,27000.000,18000.000,49,101
1074,XL,Y,N,1500.000,0.000,0.000,1499.000,150.000,27000.000,17988.000,49,102
1018,SK,N,N,0.000,0.000,0.000,1450.000,150.000,27000.000,17400.000,49,110
1056,HR,N,N,0.000,0.000,0.000,1450.000,150.000,27000.000,17400.000,49,110
1053,CG,Y,N,0.000,0.000,0.000,1375.000,150.000,27000.000,16500.000,49,120
1054,BS,Y,N,0.000,0.000,0.000,1350.000,150.000,27000.000,16200.000,49,122
1054,BS,Y,N,0.000,0.000,0.000,1350.000,150.000,27000.000,16200.000,49,122
1017,WV,Y,N,2000.000,0.000,0.000,1200.000,150.000,27000.000,14400.000,49,135
1093,XA,Y,N,1050.000,0.000,0.000,950.000,150.000,27000.000,11400.000,49,160
1093,XA,Y,N,1000.000,0.000,0.000,950.000,150.000,27000.000,11400.000,49,160
1072,JR,Y,N,1800.000,85.000,0.000,900.000,150.000,27000.000,10715.000,49,170
1092,ED,N,N,0.000,0.000,0.000,750.000,150.000,27000.000,9000.000,49,212
1058,EB,Y,N,680.000,16.000,0.000,680.000,150.000,27000.000,8144.000,49,225
1019,DC,Y,N,5400.000,0.000,0.000,2700.000,149.000,26820.000,32400.000,50,12
1019,DC,Y,N,5400.000,0.000,0.000,2700.000,149.000,26820.000,32400.000,50,12
1019,DC,Y,N,5400.000,0.000,0.000,2700.000,149.000,26820.000,32400.000,50,12
1019,DC,Y,N,5400.000,0.000,0.000,2700.000,149.000,26820.000,32400.000,50,12
1019,DC,N,N,2500.000,0.000,0.000,2500.000,149.000,26820.000,30000.000,50,16
1017,WJ,N,N,0.000,300.000,0.000,1975.000,149.000,26820.000,23400.000,50,45
1055,AB,Y,N,4000.000,0.000,0.000,1900.000,149.000,26820.000,22800.000,50,50
1073,GH,N,N,1800.000,0.000,0.000,1800.000,149.000,26820.000,21600.000,50,57
1055,AB,Y,N,0.000,0.000,0.000,1800.000,149.000,26820.000,21600.000,50,57
1017,HZ,N,N,0.000,0.000,0.000,1675.000,149.000,26820.000,20100.000,50,74
1015,KN,N,N,0.000,0.000,0.000,1550.000,149.000,26820.000,18600.000,50,96
1017,NH,Y,N,1600.000,200.000,0.000,1400.000,149.000,26820.000,16600.000,50,118
1016,RG,N,N,0.000,300.000,0.000,1350.000,149.000,26820.000,15900.000,50,126
1013,MD,N,N,0.000,0.000,0.000,1250.000,149.000,26820.000,15000.000,50,131
1016,RG,N,N,0.000,300.000,0.000,1250.000,149.000,26820.000,14700.000,50,134
1016,RG,N,N,0.000,300.000,0.000,1250.000,149.000,26820.000,14700.000,50,134
1017,NH,Y,N,900.000,0.000,0.000,900.000,149.000,26820.000,10800.000,50,167
1017,NH,N,N,0.000,0.000,0.000,800.000,149.000,26820.000,9600.000,50,196
1055,AB,Y,N,575.000,60.000,0.000,575.000,149.000,26820.000,6840.000,50,242
1055,AB,N,N,0.000,75.000,0.000,575.000,149.000,26820.000,6825.000,50,243
1017,NH,Y,N,500.000,90.000,0.000,430.000,149.000,26820.000,5070.000,50,252
1053,DD,Y,N,0.000,0.000,0.000,1490.000,147.000,26460.000,17880.000,51,105
1011,BJ,Y,N,200.000,0.000,0.000,700.000,147.000,26460.000,8400.000,51,220
1017,XH,Y,N,4300.000,50.000,0.000,1950.000,145.000,26100.000,23350.000,52,46
1013,BX,N,N,3500.000,0.000,0.000,1750.000,145.000,26100.000,21000.000,52,65
1017,XH,N,N,0.000,0.000,0.000,1750.000,145.000,26100.000,21000.000,52,65
1072,HT,Y,N,0.000,0.000,0.000,1600.000,145.000,26100.000,19200.000,52,87
1061,MJ,N,N,1400.000,750.000,0.000,1400.000,145.000,26100.000,16050.000,52,125
1013,ST,Y,N,1500.000,0.000,0.000,900.000,145.000,26100.000,10800.000,52,167
1018,DW,Y,N,650.000,100.000,0.000,650.000,145.000,26100.000,7700.000,52,228
1018,DW,Y,N,0.000,0.000,0.000,599.000,145.000,26100.000,7188.000,52,234
1018,DW,Y,N,0.000,0.000,0.000,599.000,145.000,26100.000,7188.000,52,234
1018,DW,Y,N,0.000,0.000,0.000,599.000,145.000,26100.000,7188.000,52,234
1018,DW,Y,N,0.000,0.000,0.000,499.000,145.000,26100.000,5988.000,52,249
1072,ED,N,N,650.000,0.000,0.000,650.000,144.000,25920.000,7800.000,53,227
1016,VT,N,N,0.000,0.000,40.000,3650.000,140.000,25200.000,43760.000,54,6
1016,VT,N,N,0.000,0.000,40.000,3650.000,140.000,25200.000,43760.000,54,6
1017,BX,N,N,0.000,0.000,40.000,3250.000,140.000,25200.000,38960.000,54,10
1017,BX,N,N,0.000,0.000,0.000,2650.000,140.000,25200.000,31800.000,54,14
1017,BX,N,N,0.000,0.000,0.000,2500.000,140.000,25200.000,30000.000,54,16
1016,HG,Y,N,2000.000,0.000,0.000,2000.000,140.000,25200.000,24000.000,54,37
1016,HG,N,N,0.000,0.000,0.000,1950.000,140.000,25200.000,23400.000,54,45
1054,ZE,N,N,1800.000,0.000,0.000,1800.000,140.000,25200.000,21600.000,54,57
1017,ZL,N,N,0.000,0.000,0.000,1795.000,140.000,25200.000,21540.000,54,59
1012,PZ,N,N,0.000,0.000,40.000,1650.000,140.000,25200.000,19760.000,54,80
1012,PZ,N,N,0.000,0.000,40.000,1650.000,140.000,25200.000,19760.000,54,80
1056,EP,Y,N,3000.000,90.000,0.000,1650.000,140.000,25200.000,19710.000,54,81
1015,EB,N,N,0.000,300.000,0.000,1650.000,140.000,25200.000,19500.000,54,85
1015,EB,N,N,0.000,0.000,40.000,1595.000,140.000,25200.000,19100.000,54,90
1015,EB,N,N,0.000,0.000,0.000,1575.000,140.000,25200.000,18900.000,54,94
1015,EB,N,N,0.000,300.000,0.000,1575.000,140.000,25200.000,18600.000,54,96
1016,AM,Y,N,0.000,0.000,0.000,1000.000,140.000,25200.000,12000.000,54,153
1093,XA,Y,N,1050.000,0.000,0.000,950.000,140.000,25200.000,11400.000,54,160
1093,XA,Y,N,1000.000,0.000,0.000,950.000,140.000,25200.000,11400.000,54,160
1013,KH,Y,N,1800.000,100.000,0.000,900.000,140.000,25200.000,10700.000,54,171
1013,KH,Y,N,2000.000,100.000,0.000,900.000,140.000,25200.000,10700.000,54,171
1017,WJ,N,N,0.000,300.000,0.000,1975.000,139.000,25020.000,23400.000,55,45
1072,AE,Y,N,0.000,0.000,0.000,1750.000,139.000,25020.000,21000.000,55,65
1074,BL,Y,N,0.000,0.000,0.000,1600.000,139.000,25020.000,19200.000,55,87
1053,VJ,Y,N,1550.000,0.000,0.000,1550.000,139.000,25020.000,18600.000,55,96
1061,MJ,N,N,1400.000,750.000,0.000,1400.000,139.000,25020.000,16050.000,55,125
1012,AE,N,N,0.000,0.000,40.000,1650.000,138.000,24840.000,19760.000,56,80
1012,AE,N,N,0.000,0.000,40.000,1650.000,138.000,24840.000,19760.000,56,80
1012,AE,N,N,0.000,0.000,40.000,1650.000,138.000,24840.000,19760.000,56,80
1091,KD,Y,N,815.000,55.000,0.000,815.000,137.000,24660.000,9725.000,57,195
1013,BX,N,N,3500.000,0.000,0.000,1750.000,135.000,24300.000,21000.000,58,65
1012,AE,N,N,0.000,0.000,40.000,1650.000,135.000,24300.000,19760.000,58,80
1012,AE,N,N,0.000,0.000,40.000,1650.000,135.000,24300.000,19760.000,58,80
1012,AE,N,N,0.000,0.000,40.000,1650.000,135.000,24300.000,19760.000,58,80
1016,RG,N,N,0.000,300.000,0.000,1350.000,135.000,24300.000,15900.000,58,126
1016,RG,N,N,0.000,300.000,0.000,1250.000,135.000,24300.000,14700.000,58,134
1016,RG,N,N,0.000,300.000,0.000,1250.000,135.000,24300.000,14700.000,58,134
1011,LM,Y,N,0.000,0.000,0.000,1250.000,134.000,24120.000,15000.000,59,131
1083,TV,Y,N,3000.000,0.000,0.000,2000.000,130.000,23400.000,24000.000,60,37
1015,CR,N,N,0.000,0.000,40.000,1995.000,130.000,23400.000,23900.000,60,40
1051,AC,Y,N,3950.000,0.000,0.000,1950.000,130.000,23400.000,23400.000,60,45
1058,LJ,Y,N,1850.000,0.000,0.000,1850.000,130.000,23400.000,22200.000,60,54
1083,TV,Y,N,2700.000,0.000,0.000,1800.000,130.000,23400.000,21600.000,60,57
1087,EP,Y,N,3500.000,0.000,0.000,1750.000,130.000,23400.000,21000.000,60,65
1087,EP,Y,N,3500.000,0.000,0.000,1750.000,130.000,23400.000,21000.000,60,65
1012,MD,N,N,0.000,175.000,0.000,1750.000,130.000,23400.000,20825.000,60,67
1012,MD,N,N,0.000,175.000,0.000,1750.000,130.000,23400.000,20825.000,60,67
1012,MD,N,N,0.000,175.000,0.000,1695.000,130.000,23400.000,20165.000,60,73
1012,MD,N,N,0.000,0.000,0.000,1650.000,130.000,23400.000,19800.000,60,78
1012,NS,N,N,3300.000,260.000,0.000,1650.000,130.000,23400.000,19540.000,60,84
1054,TL,N,N,0.000,0.000,0.000,1550.000,130.000,23400.000,18600.000,60,96
1012,MD,N,N,0.000,0.000,0.000,1475.000,130.000,23400.000,17700.000,60,107
1011,TZ,Y,N,0.000,0.000,0.000,1475.000,130.000,23400.000,17700.000,60,107
1011,TZ,N,N,1595.000,120.000,0.000,1475.000,130.000,23400.000,17580.000,60,109
1011,TZ,N,N,1595.000,120.000,0.000,1475.000,130.000,23400.000,17580.000,60,109
1056,HR,N,N,0.000,0.000,0.000,1450.000,130.000,23400.000,17400.000,60,110
1018,EB,Y,N,1450.000,0.000,0.000,1450.000,130.000,23400.000,17400.000,60,110
1011,TZ,N,N,1395.000,120.000,0.000,1275.000,130.000,23400.000,15180.000,60,130
1011,TZ,N,N,1375.000,120.000,0.000,1275.000,130.000,23400.000,15180.000,60,130
1011,TZ,Y,N,0.000,0.000,0.000,950.000,130.000,23400.000,11400.000,60,160
1012,NH,Y,N,1350.000,40.000,35.000,900.000,130.000,23400.000,10725.000,60,169
1012,ET,N,N,1728.000,0.000,0.000,864.000,130.000,23400.000,10368.000,60,182
1012,ET,Y,N,850.000,80.000,0.000,850.000,130.000,23400.000,10120.000,60,190
1052,RS,Y,N,750.000,0.000,0.000,750.000,130.000,23400.000,9000.000,60,212
1016,TA,N,N,3900.000,0.000,0.000,1950.000,129.000,23220.000,23400.000,61,45
1052,HT,N,N,3000.000,0.000,0.000,1800.000,129.000,23220.000,21600.000,61,57
1013,BX,N,N,3500.000,0.000,0.000,1750.000,129.000,23220.000,21000.000,61,65
1051,NV,Y,N,0.000,0.000,0.000,1750.000,129.000,23220.000,21000.000,61,65
1052,HT,N,N,0.000,0.000,0.000,1649.000,129.000,23220.000,19788.000,61,79
1054,AP,Y,N,5000.000,0.000,100.000,2750.000,125.000,22500.000,32900.000,62,11
1054,AP,Y,N,0.000,0.000,0.000,2500.000,125.000,22500.000,30000.000,62,16
1054,AP,Y,N,0.000,0.000,0.000,2500.000,125.000,22500.000,30000.000,62,16
1054,AP,Y,N,0.000,0.000,0.000,2500.000,125.000,22500.000,30000.000,62,16
1017,AG,N,N,0.000,0.000,40.000,2500.000,125.000,22500.000,29960.000,62,17
1019,AZ,Y,N,4900.000,0.000,0.000,2450.000,125.000,22500.000,29400.000,62,20
1019,AZ,Y,N,4900.000,0.000,0.000,2450.000,125.000,22500.000,29400.000,62,20
1054,AP,Y,N,0.000,0.000,0.000,2300.000,125.000,22500.000,27600.000,62,26
1017,AS,Y,N,0.000,0.000,0.000,2250.000,125.000,22500.000,27000.000,62,27
1019,AZ,Y,N,4900.000,0.000,0.000,2150.000,125.000,22500.000,25800.000,62,31
1019,AZ,Y,N,4300.000,0.000,0.000,2150.000,125.000,22500.000,25800.000,62,31
1071,MH,N,N,0.000,0.000,0.000,1950.000,125.000,22500.000,23400.000,62,45
1051,AC,Y,N,3950.000,0.000,0.000,1950.000,125.000,22500.000,23400.000,62,45
1071,XK,N,N,0.000,0.000,0.000,1900.000,125.000,22500.000,22800.000,62,50
1053,GS,N,N,0.000,0.000,0.000,1750.000,125.000,22500.000,21000.000,62,65
1053,KV,N,N,0.000,300.000,0.000,1750.000,125.000,22500.000,20700.000,62,69
1076,JB,Y,N,1675.000,0.000,0.000,1675.000,125.000,22500.000,20100.000,62,74
1015,MT,N,N,0.000,0.000,40.000,1675.000,125.000,22500.000,20060.000,62,75
1052,GN,N,N,2500.000,0.000,0.000,1660.000,125.000,22500.000,19920.000,62,77
1056,HJ,N,N,0.000,0.000,0.000,1500.000,125.000,22500.000,18000.000,62,101
1056,HJ,N,N,0.000,0.000,0.000,1500.000,125.000,22500.000,18000.000,62,101
1056,JH,N,N,0.000,0.000,0.000,1450.000,125.000,22500.000,17400.000,62,110
1011,TE,Y,N,1200.000,0.000,0.000,1200.000,125.000,22500.000,14400.000,62,135
1054,AP,Y,N,2000.000,0.000,0.000,1200.000,125.000,22500.000,14400.000,62,135
1054,AP,Y,N,2000.000,0.000,0.000,1200.000,125.000,22500.000,14400.000,62,135
1013,KX,Y,N,1600.000,120.000,0.000,1200.000,125.000,22500.000,14280.000,62,136
1072,HN,Y,N,1500.000,0.000,0.000,1100.000,125.000,22500.000,13200.000,62,143
1017,HK,Y,N,500.000,50.000,0.000,950.000,125.000,22500.000,11350.000,62,161
1015,JT,Y,N,900.000,0.000,0.000,900.000,125.000,22500.000,10800.000,62,167
1015,JT,Y,N,900.000,0.000,0.000,900.000,125.000,22500.000,10800.000,62,167
1017,AA,Y,N,1700.000,110.000,0.000,875.000,125.000,22500.000,10390.000,62,181
1095,CM,Y,N,1803.000,0.000,0.000,823.000,125.000,22500.000,9876.000,62,193
1011,TE,N,N,30.000,0.000,30.000,800.000,125.000,22500.000,9570.000,62,197
1091,WS,Y,N,800.000,50.000,0.000,800.000,125.000,22500.000,9550.000,62,198
1051,KX,Y,N,0.000,0.000,0.000,790.000,125.000,22500.000,9480.000,62,201
1051,KX,Y,N,0.000,0.000,0.000,790.000,125.000,22500.000,9480.000,62,201
1051,KX,Y,N,0.000,0.000,0.000,750.000,125.000,22500.000,9000.000,62,212
1017,AG,Y,N,1600.000,60.000,0.000,750.000,125.000,22500.000,8940.000,62,215
1017,GE,Y,N,750.000,140.000,0.000,750.000,125.000,22500.000,8860.000,62,217
1056,HE,Y,N,0.000,50.000,0.000,700.000,125.000,22500.000,8350.000,62,221
1051,KX,Y,N,0.000,0.000,0.000,620.000,125.000,22500.000,7440.000,62,230
1056,HE,Y,N,0.000,60.000,0.000,600.000,125.000,22500.000,7140.000,62,236
1056,HE,N,N,0.000,0.000,0.000,580.000,125.000,22500.000,6960.000,62,240
1051,KX,Y,N,0.000,0.000,0.000,520.000,125.000,22500.000,6240.000,62,247
1018,JM,Y,N,0.000,0.000,0.000,475.000,125.000,22500.000,5700.000,62,250
1018,JM,Y,N,0.000,0.000,0.000,475.000,125.000,22500.000,5700.000,62,250
1018,JM,Y,N,0.000,0.000,0.000,475.000,125.000,22500.000,5700.000,62,250
1018,KN,Y,N,1365.000,250.000,0.000,1365.000,121.000,21780.000,16130.000,63,124
1012,RV,N,N,0.000,0.000,40.000,3850.000,120.000,21600.000,46160.000,64,5
1012,RV,N,N,0.000,0.000,40.000,3850.000,120.000,21600.000,46160.000,64,5
1074,HV,N,N,7500.000,0.000,0.000,2500.000,120.000,21600.000,30000.000,64,16
1072,SZ,N,N,0.000,0.000,0.000,2500.000,120.000,21600.000,30000.000,64,16
1091,VK,Y,N,4000.000,200.000,0.000,2350.000,120.000,21600.000,28000.000,64,24
1018,WA,Y,N,2000.000,200.000,0.000,2000.000,120.000,21600.000,23800.000,64,41
1071,XB,N,N,0.000,0.000,0.000,1975.000,120.000,21600.000,23700.000,64,43
1012,JM,Y,N,3700.000,0.000,0.000,1850.000,120.000,21600.000,22200.000,64,54
1071,XB,N,N,0.000,0.000,0.000,1750.000,120.000,21600.000,21000.000,64,65
1011,AZ,N,N,0.000,0.000,0.000,1750.000,120.000,21600.000,21000.000,64,65
1092,EV,N,N,0.000,0.000,0.000,1750.000,120.000,21600.000,21000.000,64,65
1012,JM,Y,N,3500.000,0.000,0.000,1750.000,120.000,21600.000,21000.000,64,65
1053,GS,N,N,0.000,0.000,0.000,1750.000,120.000,21600.000,21000.000,64,65
1052,CP,N,N,0.000,0.000,0.000,1650.000,120.000,21600.000,19800.000,64,78
1052,CP,N,N,0.000,0.000,0.000,1650.000,120.000,21600.000,19800.000,64,78
1012,NS,N,N,3300.000,260.000,0.000,1650.000,120.000,21600.000,19540.000,64,84
1052,CP,N,N,0.000,0.000,0.000,1600.000,120.000,21600.000,19200.000,64,87
1052,CP,N,N,0.000,0.000,0.000,1600.000,120.000,21600.000,19200.000,64,87
1091,VK,Y,N,3200.000,0.000,0.000,1600.000,120.000,21600.000,19200.000,64,87
1072,SZ,N,N,0.000,0.000,0.000,1550.000,120.000,21600.000,18600.000,64,96
1052,LP,N,N,1200.000,0.000,0.000,1350.000,120.000,21600.000,16200.000,64,122
1092,GG,N,N,0.000,0.000,0.000,1250.000,120.000,21600.000,15000.000,64,131
1019,BG,N,N,0.000,0.000,0.000,1250.000,120.000,21600.000,15000.000,64,131
1011,TE,Y,N,1200.000,0.000,0.000,1200.000,120.000,21600.000,14400.000,64,135
1011,TE,Y,N,1200.000,0.000,0.000,1200.000,120.000,21600.000,14400.000,64,135
1013,KX,Y,N,1600.000,120.000,0.000,1200.000,120.000,21600.000,14280.000,64,136
1016,XC,Y,N,0.000,0.000,0.000,935.000,120.000,21600.000,11220.000,64,163
1017,BJ,Y,N,1768.000,0.000,0.000,884.000,120.000,21600.000,10608.000,64,175
1017,BJ,Y,N,1768.000,0.000,0.000,884.000,120.000,21600.000,10608.000,64,175
1073,AS,Y,N,1700.000,0.000,0.000,850.000,120.000,21600.000,10200.000,64,186
1012,JM,Y,N,1650.000,0.000,0.000,850.000,120.000,21600.000,10200.000,64,186
1073,AS,Y,N,1700.000,65.000,0.000,850.000,120.000,21600.000,10135.000,64,189
1011,TE,N,N,30.000,0.000,30.000,800.000,120.000,21600.000,9570.000,64,197
1011,TE,N,N,30.000,0.000,30.000,800.000,120.000,21600.000,9570.000,64,197
1056,VG,Y,N,0.000,0.000,0.000,750.000,120.000,21600.000,9000.000,64,212
1071,XB,Y,N,0.000,0.000,0.000,730.000,120.000,21600.000,8760.000,64,218
1073,AS,Y,N,0.000,0.000,0.000,700.000,120.000,21600.000,8400.000,64,220
1016,VT,N,N,0.000,0.000,40.000,3650.000,119.000,21420.000,43760.000,65,6
1016,VT,N,N,0.000,0.000,40.000,3650.000,119.000,21420.000,43760.000,65,6
1015,TP,N,N,4500.000,0.000,100.000,2250.000,119.000,21420.000,26900.000,65,28
1017,TV,N,N,0.000,175.000,0.000,2050.000,119.000,21420.000,24425.000,65,36
1051,AC,Y,N,3950.000,0.000,0.000,1950.000,119.000,21420.000,23400.000,65,45
1074,EH,N,N,0.000,0.000,0.000,1850.000,119.000,21420.000,22200.000,65,54
1074,EH,N,N,0.000,0.000,0.000,1795.000,119.000,21420.000,21540.000,65,59
1013,BR,N,N,0.000,0.000,40.000,1750.000,119.000,21420.000,20960.000,65,66
1011,VL,N,N,1500.000,0.000,0.000,1500.000,119.000,21420.000,18000.000,65,101
1015,TP,N,N,3000.000,20.000,0.000,1500.000,119.000,21420.000,17980.000,65,103
1015,TP,N,N,3000.000,20.000,0.000,1500.000,119.000,21420.000,17980.000,65,103
1015,TP,N,N,3000.000,20.000,0.000,1500.000,119.000,21420.000,17980.000,65,103
1073,BR,Y,N,1375.000,90.000,0.000,1375.000,119.000,21420.000,16410.000,65,121
1012,NV,Y,N,2200.000,125.000,0.000,1100.000,119.000,21420.000,13075.000,65,145
1019,PE,Y,N,1500.000,95.000,0.000,750.000,119.000,21420.000,8905.000,65,216
1058,GD,Y,N,3500.000,0.000,0.000,2200.000,115.000,20700.000,26400.000,66,29
1095,BJ,Y,N,1900.000,300.000,0.000,1900.000,115.000,20700.000,22500.000,66,53
1013,KN,N,N,3600.000,0.000,0.000,1800.000,115.000,20700.000,21600.000,66,57
1053,KV,N,N,0.000,300.000,0.000,1750.000,115.000,20700.000,20700.000,66,69
1013,HM,N,N,2500.000,0.000,0.000,1675.000,115.000,20700.000,20100.000,66,74
1096,GG,Y,N,0.000,0.000,0.000,1650.000,115.000,20700.000,19800.000,66,78
1072,CL,N,N,3000.000,0.000,0.000,1500.000,115.000,20700.000,18000.000,66,101
1072,CL,Y,N,0.000,0.000,0.000,1375.000,115.000,20700.000,16500.000,66,120
1072,CL,Y,N,0.000,0.000,0.000,1375.000,115.000,20700.000,16500.000,66,120
1072,CL,Y,N,0.000,0.000,0.000,1375.000,115.000,20700.000,16500.000,66,120
1072,CL,Y,N,0.000,0.000,0.000,1375.000,115.000,20700.000,16500.000,66,120
1072,CL,Y,N,2500.000,0.000,0.000,1375.000,115.000,20700.000,16500.000,66,120
1052,EH,N,N,0.000,0.000,40.000,1350.000,115.000,20700.000,16160.000,66,123
1016,AM,Y,N,0.000,0.000,0.000,1000.000,115.000,20700.000,12000.000,66,153
1015,KV,Y,N,800.000,104.000,0.000,835.000,115.000,20700.000,9916.000,66,192
1092,VA,Y,N,0.000,0.000,0.000,750.000,115.000,20700.000,9000.000,66,212
1017,GE,Y,N,750.000,140.000,0.000,750.000,115.000,20700.000,8860.000,66,217
1054,MX,Y,N,550.000,50.000,0.000,550.000,115.000,20700.000,6550.000,66,244
1073,GE,Y,N,1515.000,140.000,0.000,1515.000,114.000,20520.000,18040.000,67,100
1057,HW,Y,N,4500.000,0.000,0.000,1850.000,113.000,20340.000,22200.000,68,54
1057,HW,Y,N,0.000,0.000,0.000,1750.000,113.000,20340.000,21000.000,68,65
1057,HW,Y,N,1750.000,0.000,0.000,1750.000,113.000,20340.000,21000.000,68,65
1057,HW,Y,N,2500.000,0.000,0.000,1250.000,113.000,20340.000,15000.000,68,131
1016,ND,N,N,0.000,0.000,0.000,1750.000,112.000,20160.000,21000.000,69,65
1058,TT,Y,N,1500.000,15.000,0.000,760.000,111.000,19980.000,9105.000,70,210
1054,AA,N,N,0.000,0.000,0.000,3450.000,110.000,19800.000,41400.000,71,8
1054,AA,N,N,0.000,0.000,0.000,3450.000,110.000,19800.000,41400.000,71,8
1054,AA,N,N,0.000,0.000,0.000,3450.000,110.000,19800.000,41400.000,71,8
1054,AA,N,N,0.000,0.000,0.000,3450.000,110.000,19800.000,41400.000,71,8
1054,AA,N,N,0.000,0.000,0.000,3450.000,110.000,19800.000,41400.000,71,8
1019,DC,Y,N,5400.000,0.000,0.000,2700.000,110.000,19800.000,32400.000,71,12
1019,DC,Y,N,5400.000,0.000,0.000,2700.000,110.000,19800.000,32400.000,71,12
1019,DC,Y,N,5400.000,0.000,0.000,2700.000,110.000,19800.000,32400.000,71,12
1019,DC,Y,N,5400.000,0.000,0.000,2700.000,110.000,19800.000,32400.000,71,12
1019,DC,N,N,2500.000,0.000,0.000,2500.000,110.000,19800.000,30000.000,71,16
1018,VT,N,N,0.000,0.000,0.000,2500.000,110.000,19800.000,30000.000,71,16
1054,VZ,N,N,0.000,0.000,0.000,2350.000,110.000,19800.000,28200.000,71,23
1021,TR,Y,N,3000.000,0.000,0.000,2100.000,110.000,19800.000,25200.000,71,33
1098,JP,N,N,0.000,0.000,0.000,1850.000,110.000,19800.000,22200.000,71,54
1087,GT,N,N,0.000,0.000,0.000,1850.000,110.000,19800.000,22200.000,71,54
1057,AL,Y,N,4000.000,150.000,0.000,1850.000,110.000,19800.000,22050.000,71,55
1011,BK,N,N,0.000,175.000,0.000,1850.000,110.000,19800.000,22025.000,71,56
1052,HT,N,N,3000.000,0.000,0.000,1800.000,110.000,19800.000,21600.000,71,57
1087,GT,N,N,3600.000,0.000,0.000,1800.000,110.000,19800.000,21600.000,71,57
1017,ZL,N,N,0.000,0.000,0.000,1795.000,110.000,19800.000,21540.000,71,59
1011,BK,N,N,0.000,175.000,0.000,1795.000,110.000,19800.000,21365.000,71,63
1096,GG,Y,N,0.000,0.000,0.000,1650.000,110.000,19800.000,19800.000,71,78
1052,HT,N,N,0.000,0.000,0.000,1649.000,110.000,19800.000,19788.000,71,79
1054,VZ,N,N,3276.000,0.000,0.000,1550.000,110.000,19800.000,18600.000,71,96
1083,TE,N,N,0.000,0.000,0.000,1550.000,110.000,19800.000,18600.000,71,96
1072,PC,N,N,1550.000,0.000,0.000,1550.000,110.000,19800.000,18600.000,71,96
1092,EX,N,N,0.000,175.000,0.000,1550.000,110.000,19800.000,18425.000,71,98
1083,TE,N,N,1400.000,0.000,0.000,1300.000,110.000,19800.000,15600.000,71,127
1011,LM,Y,N,0.000,0.000,0.000,1250.000,110.000,19800.000,15000.000,71,131
1054,JX,Y,N,1200.000,0.000,0.000,1200.000,110.000,19800.000,14400.000,71,135
1021,TR,Y,N,2000.000,0.000,0.000,1200.000,110.000,19800.000,14400.000,71,135
1096,HR,Y,N,1250.000,0.000,0.000,925.000,110.000,19800.000,11100.000,71,164
1096,HR,Y,N,900.000,120.000,0.000,900.000,110.000,19800.000,10680.000,71,172
1076,LA,Y,N,750.000,0.000,0.000,800.000,110.000,19800.000,9600.000,71,196
1017,GE,Y,N,750.000,140.000,0.000,750.000,110.000,19800.000,8860.000,71,217
1017,GE,Y,N,750.000,140.000,0.000,750.000,110.000,19800.000,8860.000,71,217
1017,GE,Y,N,750.000,140.000,0.000,750.000,110.000,19800.000,8860.000,71,217
1018,MR,Y,N,3600.000,150.000,0.000,1800.000,109.000,19620.000,21450.000,72,61
1058,HM,N,N,3500.000,0.000,0.000,1750.000,109.000,19620.000,21000.000,72,65
1058,HM,N,N,0.000,0.000,40.000,1350.000,109.000,19620.000,16160.000,72,123
1051,KX,Y,N,0.000,0.000,0.000,790.000,109.000,19620.000,9480.000,72,201
1051,KX,Y,N,0.000,0.000,0.000,790.000,109.000,19620.000,9480.000,72,201
1051,KX,Y,N,0.000,0.000,0.000,750.000,109.000,19620.000,9000.000,72,212
1051,KX,Y,N,0.000,0.000,0.000,620.000,109.000,19620.000,7440.000,72,230
1051,KX,Y,N,0.000,0.000,0.000,520.000,109.000,19620.000,6240.000,72,247
1013,LC,Y,N,280.000,0.000,0.000,280.000,109.000,19620.000,3360.000,72,255
1013,LC,Y,N,280.000,0.000,0.000,280.000,109.000,19620.000,3360.000,72,255
1013,LC,Y,N,280.000,0.000,0.000,280.000,109.000,19620.000,3360.000,72,255
1013,LC,Y,N,280.000,0.000,0.000,280.000,109.000,19620.000,3360.000,72,255
1091,VK,Y,N,4000.000,200.000,0.000,2350.000,105.000,18900.000,28000.000,73,24
1021,TR,Y,N,3000.000,0.000,0.000,2100.000,105.000,18900.000,25200.000,73,33
1013,KN,N,N,3600.000,0.000,0.000,1800.000,105.000,18900.000,21600.000,73,57
1054,VC,Y,N,0.000,0.000,0.000,1750.000,105.000,18900.000,21000.000,73,65
1091,VK,Y,N,3200.000,0.000,0.000,1600.000,105.000,18900.000,19200.000,73,87
1054,VC,N,N,0.000,0.000,0.000,1500.000,105.000,18900.000,18000.000,73,101
1054,VC,N,N,0.000,0.000,0.000,1500.000,105.000,18900.000,18000.000,73,101
1061,MJ,N,N,1400.000,750.000,0.000,1400.000,105.000,18900.000,16050.000,73,125
1021,TR,Y,N,2000.000,0.000,0.000,1200.000,105.000,18900.000,14400.000,73,135
1075,RD,Y,N,900.000,150.000,0.000,1000.000,105.000,18900.000,11850.000,73,156
1011,TE,Y,N,1200.000,0.000,0.000,1200.000,104.000,18720.000,14400.000,74,135
1011,TE,N,N,30.000,0.000,30.000,800.000,104.000,18720.000,9570.000,74,197
1051,GX,Y,N,3000.000,0.000,0.000,1500.000,103.000,18540.000,18000.000,75,101
1056,XE,Y,N,2650.000,50.000,0.000,2600.000,100.000,18000.000,31150.000,76,15
1094,HW,N,N,0.000,0.000,0.000,2000.000,100.000,18000.000,24000.000,76,37
1095,BJ,Y,N,1900.000,300.000,0.000,1900.000,100.000,18000.000,22500.000,76,53
1093,NB,N,N,3700.000,0.000,0.000,1850.000,100.000,18000.000,22200.000,76,54
1093,NB,N,N,3700.000,0.000,0.000,1850.000,100.000,18000.000,22200.000,76,54
1093,NB,N,N,3700.000,0.000,0.000,1850.000,100.000,18000.000,22200.000,76,54
1093,NB,N,N,3700.000,0.000,0.000,1850.000,100.000,18000.000,22200.000,76,54
1072,GH,N,N,0.000,0.000,0.000,1850.000,100.000,18000.000,22200.000,76,54
1093,NB,N,N,3700.000,0.000,0.000,1850.000,100.000,18000.000,22200.000,76,54
1055,EK,N,N,2700.000,0.000,0.000,1800.000,100.000,18000.000,21600.000,76,57
1012,TD,Y,N,0.000,0.000,0.000,1800.000,100.000,18000.000,21600.000,76,57
1012,PV,Y,N,1800.000,50.000,0.000,1800.000,100.000,18000.000,21550.000,76,58
1012,PV,Y,N,1800.000,50.000,0.000,1800.000,100.000,18000.000,21550.000,76,58
1093,NB,N,N,3700.000,0.000,0.000,1750.000,100.000,18000.000,21000.000,76,65
1098,XA,Y,N,1800.000,0.000,0.000,1700.000,100.000,18000.000,20400.000,76,70
1011,PT,Y,N,3500.000,0.000,0.000,1700.000,100.000,18000.000,20400.000,76,70
1072,RE,N,N,0.000,0.000,0.000,1695.000,100.000,18000.000,20340.000,76,71
1072,RE,Y,N,0.000,0.000,0.000,1650.000,100.000,18000.000,19800.000,76,78
1072,RE,Y,N,0.000,0.000,0.000,1650.000,100.000,18000.000,19800.000,76,78
1072,RE,Y,N,0.000,0.000,0.000,1650.000,100.000,18000.000,19800.000,76,78
1072,RE,Y,N,0.000,0.000,0.000,1650.000,100.000,18000.000,19800.000,76,78
1072,RE,Y,N,0.000,0.000,0.000,1650.000,100.000,18000.000,19800.000,76,78
1072,RE,Y,N,0.000,0.000,0.000,1650.000,100.000,18000.000,19800.000,76,78
1073,GJ,N,N,3500.000,0.000,0.000,1650.000,100.000,18000.000,19800.000,76,78
1073,GJ,N,N,3500.000,0.000,0.000,1650.000,100.000,18000.000,19800.000,76,78
1011,PT,Y,N,3500.000,0.000,0.000,1650.000,100.000,18000.000,19800.000,76,78
1095,KV,Y,N,3200.000,0.000,0.000,1600.000,100.000,18000.000,19200.000,76,87
1012,TD,Y,N,0.000,0.000,0.000,1600.000,100.000,18000.000,19200.000,76,87
1095,KV,Y,N,3200.000,0.000,0.000,1600.000,100.000,18000.000,19200.000,76,87
1051,GX,Y,N,3000.000,0.000,0.000,1500.000,100.000,18000.000,18000.000,76,101
1017,RE,N,N,0.000,0.000,0.000,1500.000,100.000,18000.000,18000.000,76,101
1053,BX,N,N,2800.000,0.000,0.000,1495.000,100.000,18000.000,17940.000,76,104
1011,TZ,Y,N,0.000,0.000,0.000,1475.000,100.000,18000.000,17700.000,76,107
1051,JS,Y,N,3200.000,0.000,0.000,1475.000,100.000,18000.000,17700.000,76,107
1011,TZ,N,N,1595.000,120.000,0.000,1475.000,100.000,18000.000,17580.000,76,109
1011,TZ,N,N,1595.000,120.000,0.000,1475.000,100.000,18000.000,17580.000,76,109
1056,JH,N,N,0.000,0.000,0.000,1450.000,100.000,18000.000,17400.000,76,110
1013,SR,N,N,1390.000,0.000,0.000,1390.000,100.000,18000.000,16680.000,76,116
1053,CG,Y,N,0.000,0.000,0.000,1375.000,100.000,18000.000,16500.000,76,120
1051,HP,N,N,0.000,0.000,0.000,1350.000,100.000,18000.000,16200.000,76,122
1055,RD,N,N,2000.000,0.000,0.000,1300.000,100.000,18000.000,15600.000,76,127
1011,TZ,N,N,1395.000,120.000,0.000,1275.000,100.000,18000.000,15180.000,76,130
1011,TZ,N,N,1375.000,120.000,0.000,1275.000,100.000,18000.000,15180.000,76,130
1019,BG,N,N,0.000,0.000,0.000,1250.000,100.000,18000.000,15000.000,76,131
1093,CN,N,N,2800.000,0.000,0.000,1200.000,100.000,18000.000,14400.000,76,135
1093,CN,N,N,2800.000,0.000,0.000,1200.000,100.000,18000.000,14400.000,76,135
1055,RD,Y,N,2200.000,0.000,0.000,1100.000,100.000,18000.000,13200.000,76,143
1072,HN,Y,N,1500.000,0.000,0.000,1100.000,100.000,18000.000,13200.000,76,143
1072,HN,Y,N,1500.000,0.000,0.000,1100.000,100.000,18000.000,13200.000,76,143
1055,RD,N,N,0.000,0.000,0.000,1100.000,100.000,18000.000,13200.000,76,143
1093,CN,N,N,2000.000,45.000,0.000,1100.000,100.000,18000.000,13155.000,76,144
1093,CN,N,N,2000.000,45.000,0.000,1100.000,100.000,18000.000,13155.000,76,144
1014,AG,Y,N,0.000,5000.000,0.000,1450.000,100.000,18000.000,12400.000,76,152
1011,TZ,Y,N,0.000,0.000,0.000,950.000,100.000,18000.000,11400.000,76,160
1053,LJ,N,N,0.000,0.000,0.000,925.000,100.000,18000.000,11100.000,76,164
1073,BM,N,N,750.000,0.000,0.000,900.000,100.000,18000.000,10800.000,76,167
1053,LJ,N,N,3600.000,75.000,0.000,900.000,100.000,18000.000,10725.000,76,169
1092,EH,Y,N,887.000,125.000,0.000,887.000,100.000,18000.000,10519.000,76,177
1056,XE,Y,N,860.000,50.000,0.000,860.000,100.000,18000.000,10270.000,76,184
1078,LP,Y,N,850.000,50.000,0.000,850.000,100.000,18000.000,10150.000,76,188
1078,LP,Y,N,900.000,65.000,0.000,850.000,100.000,18000.000,10135.000,76,189
1078,LP,Y,N,850.000,65.000,0.000,850.000,100.000,18000.000,10135.000,76,189
1096,CJ,Y,N,0.000,0.000,0.000,780.000,100.000,18000.000,9360.000,76,203
1096,CJ,Y,N,0.000,0.000,0.000,780.000,100.000,18000.000,9360.000,76,203
1096,CJ,Y,N,0.000,0.000,0.000,780.000,100.000,18000.000,9360.000,76,203
1096,CJ,Y,N,0.000,0.000,0.000,780.000,100.000,18000.000,9360.000,76,203
1096,CJ,Y,N,0.000,0.000,0.000,780.000,100.000,18000.000,9360.000,76,203
1096,CJ,Y,N,0.000,0.000,0.000,780.000,100.000,18000.000,9360.000,76,203
1096,CJ,Y,N,0.000,60.000,0.000,780.000,100.000,18000.000,9300.000,76,204
1017,GE,Y,N,750.000,140.000,0.000,750.000,100.000,18000.000,8860.000,76,217
1017,GE,Y,N,750.000,140.000,0.000,750.000,100.000,18000.000,8860.000,76,217
1056,HE,Y,N,0.000,50.000,0.000,700.000,100.000,18000.000,8350.000,76,221
1056,HE,Y,N,0.000,50.000,0.000,700.000,100.000,18000.000,8350.000,76,221
1018,LP,Y,N,0.000,0.000,0.000,650.000,100.000,18000.000,7800.000,76,227
1018,LP,Y,N,700.000,0.000,0.000,650.000,100.000,18000.000,7800.000,76,227
1056,HE,Y,N,0.000,60.000,0.000,600.000,100.000,18000.000,7140.000,76,236
1056,HE,Y,N,0.000,60.000,0.000,600.000,100.000,18000.000,7140.000,76,236
1056,HE,N,N,0.000,0.000,0.000,580.000,100.000,18000.000,6960.000,76,240
1056,HE,N,N,0.000,0.000,0.000,580.000,100.000,18000.000,6960.000,76,240
1054,DG,Y,N,580.000,20.000,0.000,580.000,100.000,18000.000,6940.000,76,241
1054,MX,Y,N,550.000,50.000,0.000,550.000,100.000,18000.000,6550.000,76,244
1091,DT,N,N,400.000,40.000,0.000,400.000,100.000,18000.000,4760.000,76,254
1016,VT,N,N,0.000,0.000,40.000,3650.000,99.000,17820.000,43760.000,77,6
1016,VT,N,N,0.000,0.000,40.000,3650.000,99.000,17820.000,43760.000,77,6
1091,AG,N,N,4000.000,0.000,0.000,2000.000,99.000,17820.000,24000.000,77,37
1091,AG,N,N,4000.000,0.000,0.000,2000.000,99.000,17820.000,24000.000,77,37
1013,GS,N,N,0.000,0.000,40.000,2000.000,99.000,17820.000,23960.000,77,39
1019,HD,N,N,0.000,0.000,0.000,1975.000,99.000,17820.000,23700.000,77,43
1053,AA,N,N,0.000,0.000,0.000,1900.000,99.000,17820.000,22800.000,77,50
1068,PM,N,N,0.000,0.000,0.000,1850.000,99.000,17820.000,22200.000,77,54
1017,HA,N,N,0.000,0.000,0.000,1795.000,99.000,17820.000,21540.000,77,59
1053,KM,N,N,0.000,0.000,0.000,1750.000,99.000,17820.000,21000.000,77,65
1068,PM,N,N,0.000,0.000,0.000,1750.000,99.000,17820.000,21000.000,77,65
1068,PM,N,N,0.000,0.000,0.000,1750.000,99.000,17820.000,21000.000,77,65
1068,PM,N,N,0.000,0.000,0.000,1750.000,99.000,17820.000,21000.000,77,65
1082,XL,N,N,3400.000,0.000,0.000,1700.000,99.000,17820.000,20400.000,77,70
1082,XL,N,N,3400.000,0.000,0.000,1700.000,99.000,17820.000,20400.000,77,70
1082,XL,N,N,3400.000,0.000,0.000,1700.000,99.000,17820.000,20400.000,77,70
1053,KM,Y,N,1780.000,0.000,0.000,1700.000,99.000,17820.000,20400.000,77,70
1068,PM,N,N,0.000,0.000,0.000,1675.000,99.000,17820.000,20100.000,77,74
1017,HZ,N,N,0.000,0.000,0.000,1675.000,99.000,17820.000,20100.000,77,74
1068,PM,N,N,0.000,0.000,0.000,1675.000,99.000,17820.000,20100.000,77,74
1068,PM,N,N,0.000,0.000,0.000,1675.000,99.000,17820.000,20100.000,77,74
1073,GJ,N,N,3500.000,0.000,0.000,1650.000,99.000,17820.000,19800.000,77,78
1073,AD,N,N,0.000,0.000,0.000,1600.000,99.000,17820.000,19200.000,77,87
1056,KA,Y,N,1600.000,0.000,0.000,1600.000,99.000,17820.000,19200.000,77,87
1073,AD,N,N,0.000,0.000,0.000,1600.000,99.000,17820.000,19200.000,77,87
1015,KN,N,N,0.000,0.000,0.000,1550.000,99.000,17820.000,18600.000,77,96
1018,SK,N,N,0.000,0.000,0.000,1450.000,99.000,17820.000,17400.000,77,110
1073,BR,Y,N,1375.000,90.000,0.000,1375.000,99.000,17820.000,16410.000,77,121
1013,SW,N,N,1350.000,0.000,0.000,1350.000,99.000,17820.000,16200.000,77,122
1013,SW,N,N,1300.000,0.000,0.000,1300.000,99.000,17820.000,15600.000,77,127
1093,CN,N,N,2800.000,0.000,0.000,1200.000,99.000,17820.000,14400.000,77,135
1052,CS,Y,N,1000.000,0.000,0.000,1100.000,99.000,17820.000,13200.000,77,143
1015,WE,Y,N,2500.000,0.000,0.000,1100.000,99.000,17820.000,13200.000,77,143
1093,CN,N,N,2000.000,45.000,0.000,1100.000,99.000,17820.000,13155.000,77,144
1091,AG,Y,N,1000.000,200.000,0.000,1100.000,99.000,17820.000,13000.000,77,146
1091,AG,Y,N,1000.000,200.000,0.000,1100.000,99.000,17820.000,13000.000,77,146
1056,GC,Y,N,1700.000,50.000,0.000,850.000,99.000,17820.000,10150.000,77,188
1056,GC,Y,N,1600.000,0.000,0.000,800.000,99.000,17820.000,9600.000,77,196
1018,DW,Y,N,650.000,100.000,0.000,650.000,99.000,17820.000,7700.000,77,228
1018,DW,Y,N,0.000,0.000,0.000,599.000,99.000,17820.000,7188.000,77,234
1018,DW,Y,N,0.000,0.000,0.000,599.000,99.000,17820.000,7188.000,77,234
1018,DW,Y,N,0.000,0.000,0.000,599.000,99.000,17820.000,7188.000,77,234
1018,DW,Y,N,0.000,0.000,0.000,499.000,99.000,17820.000,5988.000,77,249
1013,LC,Y,N,280.000,0.000,0.000,280.000,99.000,17820.000,3360.000,77,255
1013,LC,Y,N,280.000,0.000,0.000,280.000,99.000,17820.000,3360.000,77,255
1013,BH,N,N,0.000,0.000,0.000,2500.000,98.000,17640.000,30000.000,78,16
1013,BH,Y,N,0.000,0.000,0.000,1800.000,98.000,17640.000,21600.000,78,57
1013,BH,Y,N,0.000,0.000,0.000,1800.000,98.000,17640.000,21600.000,78,57
1093,GT,Y,N,2500.000,280.000,0.000,1400.000,97.000,17460.000,16520.000,79,119
1014,AG,Y,N,0.000,5000.000,0.000,1450.000,97.000,17460.000,12400.000,79,152
1057,AL,Y,N,4000.000,150.000,0.000,1850.000,96.000,17280.000,22050.000,80,55
1087,BS,N,N,3500.000,0.000,0.000,1750.000,96.000,17280.000,21000.000,80,65
1087,BS,Y,N,3500.000,0.000,0.000,1750.000,96.000,17280.000,21000.000,80,65
1087,BS,Y,N,3500.000,0.000,0.000,1750.000,96.000,17280.000,21000.000,80,65
1087,BS,Y,N,3500.000,0.000,0.000,1750.000,96.000,17280.000,21000.000,80,65
1087,BS,Y,N,3500.000,0.000,0.000,1750.000,96.000,17280.000,21000.000,80,65
1087,BS,Y,N,3500.000,0.000,0.000,1750.000,96.000,17280.000,21000.000,80,65
1087,BS,Y,N,3500.000,0.000,0.000,1750.000,96.000,17280.000,21000.000,80,65
1087,BS,Y,N,3500.000,0.000,0.000,1650.000,96.000,17280.000,19800.000,80,78
1087,BS,Y,N,3300.000,0.000,0.000,1650.000,96.000,17280.000,19800.000,80,78
1072,HD,Y,N,0.000,0.000,0.000,2500.000,95.000,17100.000,30000.000,81,16
1091,BA,Y,N,0.000,0.000,0.000,2500.000,95.000,17100.000,30000.000,81,16
1091,BA,Y,N,0.000,0.000,0.000,2500.000,95.000,17100.000,30000.000,81,16
1091,BA,Y,N,0.000,0.000,0.000,2500.000,95.000,17100.000,30000.000,81,16
1091,BA,Y,N,0.000,0.000,0.000,2500.000,95.000,17100.000,30000.000,81,16
1019,AZ,Y,N,4900.000,0.000,0.000,2450.000,95.000,17100.000,29400.000,81,20
1019,AZ,Y,N,4900.000,0.000,0.000,2450.000,95.000,17100.000,29400.000,81,20
1074,XZ,Y,N,0.000,0.000,0.000,2400.000,95.000,17100.000,28800.000,81,22
1074,XZ,Y,N,0.000,0.000,0.000,2300.000,95.000,17100.000,27600.000,81,26
1019,AZ,Y,N,4900.000,0.000,0.000,2150.000,95.000,17100.000,25800.000,81,31
1019,AZ,Y,N,4300.000,0.000,0.000,2150.000,95.000,17100.000,25800.000,81,31
1021,TR,Y,N,3000.000,0.000,0.000,2100.000,95.000,17100.000,25200.000,81,33
1074,EN,Y,N,1975.000,150.000,0.000,1975.000,95.000,17100.000,23550.000,81,44
1012,EM,N,N,3900.000,0.000,0.000,1950.000,95.000,17100.000,23400.000,81,45
1096,GG,Y,N,0.000,0.000,0.000,1650.000,95.000,17100.000,19800.000,81,78
1093,NG,Y,N,0.000,0.000,0.000,1600.000,95.000,17100.000,19200.000,81,87
1093,NG,Y,N,0.000,0.000,0.000,1600.000,95.000,17100.000,19200.000,81,87
1055,EX,Y,N,3200.000,0.000,0.000,1600.000,95.000,17100.000,19200.000,81,87
1013,GL,N,N,1595.000,0.000,0.000,1595.000,95.000,17100.000,19140.000,81,89
1025,JH,N,N,3160.000,0.000,0.000,1580.000,95.000,17100.000,18960.000,81,93
1015,KN,N,N,0.000,0.000,0.000,1550.000,95.000,17100.000,18600.000,81,96
1095,TA,N,N,0.000,0.000,0.000,1500.000,95.000,17100.000,18000.000,81,101
1053,BX,N,N,2800.000,0.000,0.000,1495.000,95.000,17100.000,17940.000,81,104
1021,TR,Y,N,2000.000,0.000,0.000,1200.000,95.000,17100.000,14400.000,81,135
1052,HK,Y,N,0.000,750.000,0.000,1199.000,95.000,17100.000,13638.000,81,141
1052,HK,Y,N,0.000,750.000,0.000,1199.000,95.000,17100.000,13638.000,81,141
1091,EJ,Y,N,1200.000,150.000,0.000,1050.000,95.000,17100.000,12450.000,81,151
1056,VX,Y,N,1850.000,100.000,0.000,925.000,95.000,17100.000,11000.000,81,166
1056,VX,N,N,1850.000,100.000,0.000,925.000,95.000,17100.000,11000.000,81,166
1056,KS,N,N,900.000,154.000,0.000,900.000,95.000,17100.000,10646.000,81,173
1015,KV,Y,N,800.000,104.000,0.000,835.000,95.000,17100.000,9916.000,81,192
1052,RS,Y,N,750.000,0.000,0.000,750.000,95.000,17100.000,9000.000,81,212
1012,GH,Y,N,625.000,0.000,0.000,680.000,95.000,17100.000,8160.000,81,224
1072,XD,Y,N,200.000,0.000,0.000,600.000,95.000,17100.000,7200.000,81,233
1078,TZ,Y,N,0.000,0.000,0.000,570.000,95.000,17100.000,6840.000,81,242
1072,XD,Y,N,0.000,0.000,0.000,545.000,95.000,17100.000,6540.000,81,245
1072,XD,Y,N,0.000,0.000,0.000,545.000,95.000,17100.000,6540.000,81,245
1012,GH,Y,N,0.000,65.000,0.000,550.000,95.000,17100.000,6535.000,81,246
1091,BX,Y,N,0.000,0.000,0.000,1495.000,94.000,16920.000,17940.000,82,104
1091,BX,Y,N,990.000,60.000,0.000,990.000,94.000,16920.000,11820.000,82,157
1013,JN,Y,N,1800.000,50.000,0.000,900.000,94.000,16920.000,10750.000,82,168
1055,AR,Y,N,1750.000,60.000,0.000,875.000,94.000,16920.000,10440.000,82,180
1054,ZT,N,N,0.000,0.000,0.000,3250.000,90.000,16200.000,39000.000,83,9
1017,BA,N,N,0.000,0.000,0.000,2400.000,90.000,16200.000,28800.000,83,22
1012,VG,N,N,0.000,0.000,0.000,2200.000,90.000,16200.000,26400.000,83,29
1056,LD,Y,N,1000.000,0.000,0.000,1999.000,90.000,16200.000,23988.000,83,38
1012,VG,N,N,0.000,0.000,0.000,1850.000,90.000,16200.000,22200.000,83,54
1053,GS,N,N,0.000,0.000,0.000,1750.000,90.000,16200.000,21000.000,83,65
1094,HC,N,N,3000.000,0.000,0.000,1650.000,90.000,16200.000,19800.000,83,78
1094,HC,N,N,3000.000,0.000,0.000,1650.000,90.000,16200.000,19800.000,83,78
1051,GZ,N,N,0.000,0.000,0.000,1600.000,90.000,16200.000,19200.000,83,87
1055,EX,Y,N,3200.000,0.000,0.000,1600.000,90.000,16200.000,19200.000,83,87
1051,GZ,N,N,0.000,0.000,0.000,1600.000,90.000,16200.000,19200.000,83,87
1072,VV,N,N,0.000,0.000,0.000,1595.000,90.000,16200.000,19140.000,83,89
1072,VV,N,N,0.000,0.000,0.000,1595.000,90.000,16200.000,19140.000,83,89
1053,RJ,N,N,0.000,0.000,0.000,1575.000,90.000,16200.000,18900.000,83,94
1053,RJ,N,N,0.000,0.000,0.000,1575.000,90.000,16200.000,18900.000,83,94
1051,GZ,N,N,0.000,0.000,0.000,1500.000,90.000,16200.000,18000.000,83,101
1012,VG,N,N,1495.000,0.000,0.000,1495.000,90.000,16200.000,17940.000,83,104
1092,CB,Y,N,2500.000,0.000,0.000,1400.000,90.000,16200.000,16800.000,83,114
1061,MJ,N,N,1400.000,750.000,0.000,1400.000,90.000,16200.000,16050.000,83,125
1018,BA,N,N,2570.000,0.000,0.000,1285.000,90.000,16200.000,15420.000,83,128
1091,HJ,Y,N,1000.000,0.000,0.000,1250.000,90.000,16200.000,15000.000,83,131
1019,SL,N,N,0.000,0.000,0.000,850.000,90.000,16200.000,10200.000,83,186
1018,VV,N,N,0.000,0.000,0.000,850.000,90.000,16200.000,10200.000,83,186
1018,VV,N,N,0.000,0.000,0.000,850.000,90.000,16200.000,10200.000,83,186
1018,DW,Y,N,650.000,100.000,0.000,650.000,90.000,16200.000,7700.000,83,228
1056,WJ,Y,N,620.000,18.000,0.000,620.000,90.000,16200.000,7422.000,83,231
1072,XD,Y,N,200.000,0.000,0.000,600.000,90.000,16200.000,7200.000,83,233
1018,DW,Y,N,0.000,0.000,0.000,599.000,90.000,16200.000,7188.000,83,234
1018,DW,Y,N,0.000,0.000,0.000,599.000,90.000,16200.000,7188.000,83,234
1018,DW,Y,N,0.000,0.000,0.000,599.000,90.000,16200.000,7188.000,83,234
1072,XD,Y,N,0.000,0.000,0.000,545.000,90.000,16200.000,6540.000,83,245
1072,XD,Y,N,0.000,0.000,0.000,545.000,90.000,16200.000,6540.000,83,245
1018,DW,Y,N,0.000,0.000,0.000,499.000,90.000,16200.000,5988.000,83,249
1013,LC,Y,N,280.000,0.000,0.000,280.000,90.000,16200.000,3360.000,83,255
1013,LC,Y,N,280.000,0.000,0.000,280.000,90.000,16200.000,3360.000,83,255
1018,BK,Y,N,0.000,0.000,0.000,215.000,90.000,16200.000,2580.000,83,256
1091,AG,N,N,4000.000,0.000,0.000,2000.000,89.000,16020.000,24000.000,84,37
1054,GS,N,N,0.000,175.000,0.000,1990.000,89.000,16020.000,23705.000,84,42
1074,EN,Y,N,1975.000,150.000,0.000,1975.000,89.000,16020.000,23550.000,84,44
1071,MH,N,N,0.000,0.000,0.000,1950.000,89.000,16020.000,23400.000,84,45
1094,EG,Y,N,0.000,0.000,0.000,1800.000,89.000,16020.000,21600.000,84,57
1094,EG,Y,N,0.000,0.000,0.000,1800.000,89.000,16020.000,21600.000,84,57
1094,EG,Y,N,0.000,0.000,0.000,1800.000,89.000,16020.000,21600.000,84,57
1094,EG,Y,N,0.000,0.000,0.000,1750.000,89.000,16020.000,21000.000,84,65
1056,PR,Y,N,0.000,0.000,0.000,1700.000,89.000,16020.000,20400.000,84,70
1073,CH,Y,N,1900.000,0.000,0.000,1700.000,89.000,16020.000,20400.000,84,70
1073,CH,Y,N,2000.000,0.000,0.000,1700.000,89.000,16020.000,20400.000,84,70
1073,CH,Y,N,2000.000,0.000,0.000,1700.000,89.000,16020.000,20400.000,84,70
1056,PR,Y,N,0.000,0.000,0.000,1695.000,89.000,16020.000,20340.000,84,71
1073,VA,Y,N,3000.000,0.000,0.000,1525.000,89.000,16020.000,18300.000,84,99
1073,VA,N,N,3000.000,0.000,0.000,1525.000,89.000,16020.000,18300.000,84,99
1056,PR,Y,N,0.000,0.000,0.000,1500.000,89.000,16020.000,18000.000,84,101
1073,CH,Y,N,500.000,0.000,0.000,1500.000,89.000,16020.000,18000.000,84,101
1051,JS,Y,N,3200.000,0.000,0.000,1475.000,89.000,16020.000,17700.000,84,107
1052,LP,N,N,1200.000,0.000,0.000,1350.000,89.000,16020.000,16200.000,84,122
1091,AG,Y,N,1000.000,200.000,0.000,1100.000,89.000,16020.000,13000.000,84,146
1078,HH,Y,N,1100.000,50.000,0.000,999.000,89.000,16020.000,11938.000,84,154
1073,LM,Y,N,0.000,0.000,0.000,900.000,89.000,16020.000,10800.000,84,167
1058,DG,N,N,875.000,0.000,0.000,900.000,89.000,16020.000,10800.000,84,167
1073,VA,Y,N,0.000,0.000,0.000,800.000,89.000,16020.000,9600.000,84,196
1073,LM,Y,N,0.000,50.000,0.000,775.000,89.000,16020.000,9250.000,84,205
1061,WB,N,N,0.000,0.000,0.000,1900.000,88.000,15840.000,22800.000,85,50
1061,WB,N,N,0.000,0.000,0.000,1850.000,88.000,15840.000,22200.000,85,54
1074,BC,N,N,0.000,0.000,0.000,1750.000,88.000,15840.000,21000.000,85,65
1061,WB,N,N,0.000,0.000,0.000,1750.000,88.000,15840.000,21000.000,85,65
1074,BC,N,N,0.000,0.000,0.000,1750.000,88.000,15840.000,21000.000,85,65
1061,WB,N,N,0.000,0.000,0.000,1750.000,88.000,15840.000,21000.000,85,65
1074,BC,N,N,0.000,0.000,40.000,1750.000,88.000,15840.000,20960.000,85,66
1074,BC,N,N,0.000,0.000,0.000,1695.000,88.000,15840.000,20340.000,85,71
1011,LJ,N,N,0.000,0.000,0.000,1575.000,88.000,15840.000,18900.000,85,94
1074,BC,N,N,0.000,0.000,0.000,1500.000,88.000,15840.000,18000.000,85,101
1061,WB,Y,N,872.000,0.000,0.000,872.000,88.000,15840.000,10464.000,85,179
1061,WB,N,N,0.000,0.000,0.000,775.000,88.000,15840.000,9300.000,85,204
1061,WB,Y,N,775.000,75.000,0.000,775.000,88.000,15840.000,9225.000,85,206
1061,WB,Y,N,766.000,75.000,0.000,775.000,88.000,15840.000,9225.000,85,206
1093,GT,Y,N,2500.000,280.000,0.000,1400.000,87.000,15660.000,16520.000,86,119
1016,XC,Y,N,0.000,0.000,0.000,935.000,87.000,15660.000,11220.000,86,163
1056,XE,Y,N,2650.000,50.000,0.000,2600.000,85.000,15300.000,31150.000,87,15
1061,XZ,Y,N,0.000,0.000,0.000,1950.000,85.000,15300.000,23400.000,87,45
1017,HC,N,N,0.000,0.000,0.000,1850.000,85.000,15300.000,22200.000,87,54
1016,KW,N,N,0.000,175.000,0.000,1850.000,85.000,15300.000,22025.000,87,56
1015,GJ,Y,N,3500.000,190.000,0.000,1700.000,85.000,15300.000,20210.000,87,72
1061,XZ,Y,N,0.000,0.000,0.000,1650.000,85.000,15300.000,19800.000,87,78
1033,RA,Y,N,1550.000,0.000,0.000,1550.000,85.000,15300.000,18600.000,87,96
1095,TA,N,N,0.000,0.000,0.000,1500.000,85.000,15300.000,18000.000,87,101
1053,DD,Y,N,0.000,0.000,0.000,1490.000,85.000,15300.000,17880.000,87,105
1019,WL,Y,N,0.000,0.000,0.000,1450.000,85.000,15300.000,17400.000,87,110
1052,AC,Y,N,1440.000,75.000,0.000,1440.000,85.000,15300.000,17205.000,87,112
1016,NE,N,N,1500.000,0.000,0.000,1300.000,85.000,15300.000,15600.000,87,127
1016,NE,Y,N,1500.000,0.000,0.000,1200.000,85.000,15300.000,14400.000,87,135
1019,DS,Y,N,0.000,0.000,0.000,1000.000,85.000,15300.000,12000.000,87,153
1056,XE,Y,N,860.000,50.000,0.000,860.000,85.000,15300.000,10270.000,87,184
1052,JX,Y,N,800.000,75.000,0.000,800.000,85.000,15300.000,9525.000,87,199
1053,CT,Y,N,1500.000,0.000,0.000,780.000,85.000,15300.000,9360.000,87,203
1018,EK,Y,N,1550.000,125.000,0.000,775.000,85.000,15300.000,9175.000,87,207
1018,EK,Y,N,1550.000,125.000,0.000,775.000,85.000,15300.000,9175.000,87,207
1018,EK,Y,N,1500.000,150.000,0.000,775.000,85.000,15300.000,9150.000,87,208
1018,EK,Y,N,1550.000,175.000,0.000,775.000,85.000,15300.000,9125.000,87,209
1018,EK,Y,N,1550.000,200.000,0.000,775.000,85.000,15300.000,9100.000,87,211
1056,WJ,Y,N,620.000,18.000,0.000,620.000,85.000,15300.000,7422.000,87,231
1055,GE,Y,N,600.000,50.000,0.000,600.000,85.000,15300.000,7150.000,87,235
1073,BW,N,N,2000.000,0.000,0.000,1625.000,84.000,15120.000,19500.000,88,85
1093,CN,N,N,2800.000,0.000,0.000,1200.000,84.000,15120.000,14400.000,88,135
1093,CN,N,N,2000.000,45.000,0.000,1100.000,84.000,15120.000,13155.000,88,144
1055,EB,Y,N,1970.000,200.000,100.000,985.000,83.000,14940.000,11520.000,89,159
1055,EB,Y,N,1900.000,235.000,75.000,950.000,83.000,14940.000,11090.000,89,165
1055,EB,Y,N,750.000,95.000,0.000,750.000,83.000,14940.000,8905.000,89,216
1051,GX,Y,N,3000.000,0.000,0.000,1500.000,82.000,14760.000,18000.000,90,101
1056,HR,N,N,0.000,0.000,0.000,1450.000,82.000,14760.000,17400.000,90,110
1016,XC,Y,N,0.000,0.000,0.000,935.000,82.000,14760.000,11220.000,90,163
1054,ZT,N,N,0.000,0.000,0.000,3250.000,80.000,14400.000,39000.000,91,9
1078,XV,Y,N,0.000,0.000,0.000,2000.000,80.000,14400.000,24000.000,91,37
1018,GD,N,N,0.000,0.000,0.000,1975.000,80.000,14400.000,23700.000,91,43
1018,GD,N,N,0.000,0.000,0.000,1975.000,80.000,14400.000,23700.000,91,43
1011,BK,N,N,0.000,175.000,0.000,1850.000,80.000,14400.000,22025.000,91,56
1018,MR,Y,N,3600.000,150.000,0.000,1800.000,80.000,14400.000,21450.000,91,61
1011,BK,N,N,0.000,175.000,0.000,1795.000,80.000,14400.000,21365.000,91,63
1054,ZM,Y,N,1000.000,250.000,0.000,1750.000,80.000,14400.000,20750.000,91,68
1012,SR,Y,N,1850.000,0.000,0.000,1650.000,80.000,14400.000,19800.000,91,78
1073,ER,Y,N,3300.000,0.000,0.000,1650.000,80.000,14400.000,19800.000,91,78
1073,ER,Y,N,3300.000,0.000,0.000,1650.000,80.000,14400.000,19800.000,91,78
1052,SV,N,N,3300.000,0.000,0.000,1650.000,80.000,14400.000,19800.000,91,78
1012,SR,Y,N,0.000,0.000,0.000,1650.000,80.000,14400.000,19800.000,91,78
1012,SR,Y,N,1650.000,120.000,0.000,1650.000,80.000,14400.000,19680.000,91,82
1015,EB,N,N,0.000,300.000,0.000,1650.000,80.000,14400.000,19500.000,91,85
1096,GJ,N,N,0.000,0.000,0.000,1600.000,80.000,14400.000,19200.000,91,87
1018,GD,Y,N,2250.000,0.000,0.000,1600.000,80.000,14400.000,19200.000,91,87
1051,TX,Y,N,0.000,0.000,0.000,1600.000,80.000,14400.000,19200.000,91,87
1051,VE,N,N,1600.000,0.000,0.000,1600.000,80.000,14400.000,19200.000,91,87
1015,EB,N,N,0.000,0.000,40.000,1595.000,80.000,14400.000,19100.000,91,90
1018,ZM,Y,N,1600.000,200.000,0.000,1600.000,80.000,14400.000,19000.000,91,92
1015,EB,N,N,0.000,0.000,0.000,1575.000,80.000,14400.000,18900.000,91,94
1015,EB,N,N,0.000,300.000,0.000,1575.000,80.000,14400.000,18600.000,91,96
1053,CG,Y,N,0.000,0.000,0.000,1375.000,80.000,14400.000,16500.000,91,120
1073,BR,Y,N,1375.000,90.000,0.000,1375.000,80.000,14400.000,16410.000,91,121
1055,AA,N,N,1350.000,0.000,0.000,1350.000,80.000,14400.000,16200.000,91,122
1055,AA,N,N,1350.000,0.000,0.000,1350.000,80.000,14400.000,16200.000,91,122
1091,BD,Y,N,0.000,0.000,0.000,1300.000,80.000,14400.000,15600.000,91,127
1055,AA,Y,N,1750.000,0.000,0.000,1300.000,80.000,14400.000,15600.000,91,127
1055,AA,Y,N,1750.000,0.000,0.000,1300.000,80.000,14400.000,15600.000,91,127
1055,AA,Y,N,1275.000,0.000,0.000,1275.000,80.000,14400.000,15300.000,91,129
1055,AA,Y,N,1275.000,0.000,0.000,1275.000,80.000,14400.000,15300.000,91,129
1055,AA,Y,N,0.000,0.000,0.000,1250.000,80.000,14400.000,15000.000,91,131
1055,AA,Y,N,0.000,0.000,0.000,1250.000,80.000,14400.000,15000.000,91,131
1096,GJ,N,N,0.000,0.000,0.000,1225.000,80.000,14400.000,14700.000,91,134
1096,GJ,Y,N,0.000,0.000,0.000,1200.000,80.000,14400.000,14400.000,91,135
1096,GJ,Y,N,750.000,0.000,0.000,1175.000,80.000,14400.000,14100.000,91,137
1055,AA,Y,N,1750.000,65.000,0.000,1175.000,80.000,14400.000,14035.000,91,138
1055,AA,Y,N,1750.000,65.000,0.000,1175.000,80.000,14400.000,14035.000,91,138
1096,GJ,N,N,0.000,0.000,0.000,1150.000,80.000,14400.000,13800.000,91,139
1072,CB,Y,N,1150.000,118.000,0.000,1150.000,80.000,14400.000,13682.000,91,140
1055,AA,N,N,2150.000,0.000,0.000,1075.000,80.000,14400.000,12900.000,91,147
1055,AA,N,N,2150.000,0.000,0.000,1075.000,80.000,14400.000,12900.000,91,147
1018,KP,Y,N,2000.000,0.000,0.000,1000.000,80.000,14400.000,12000.000,91,153
1053,LJ,N,N,0.000,0.000,0.000,925.000,80.000,14400.000,11100.000,91,164
1013,ST,Y,N,1500.000,0.000,0.000,900.000,80.000,14400.000,10800.000,91,167
1012,NH,Y,N,1350.000,40.000,35.000,900.000,80.000,14400.000,10725.000,91,169
1053,LJ,N,N,3600.000,75.000,0.000,900.000,80.000,14400.000,10725.000,91,169
1013,KH,Y,N,1800.000,100.000,0.000,900.000,80.000,14400.000,10700.000,91,171
1013,KH,Y,N,2000.000,100.000,0.000,900.000,80.000,14400.000,10700.000,91,171
1055,AR,Y,N,1750.000,60.000,0.000,875.000,80.000,14400.000,10440.000,91,180
1072,CB,N,N,750.000,250.000,0.000,875.000,80.000,14400.000,10250.000,91,185
1055,AA,Y,N,400.000,0.000,0.000,850.000,80.000,14400.000,10200.000,91,186
1055,AA,Y,N,400.000,0.000,0.000,850.000,80.000,14400.000,10200.000,91,186
1056,VG,Y,N,0.000,0.000,0.000,750.000,80.000,14400.000,9000.000,91,212
1013,LC,Y,N,280.000,0.000,0.000,280.000,80.000,14400.000,3360.000,91,255
1013,LC,Y,N,280.000,0.000,0.000,280.000,80.000,14400.000,3360.000,91,255
1055,SC,N,N,0.000,300.000,0.000,1950.000,79.000,14220.000,23100.000,92,49
1055,SC,N,N,0.000,300.000,0.000,1950.000,79.000,14220.000,23100.000,92,49
1012,NC,Y,N,2150.000,250.000,0.000,1900.000,79.000,14220.000,22550.000,92,52
1053,KB,N,N,3500.000,0.000,0.000,1750.000,79.000,14220.000,21000.000,92,65
1051,TK,Y,N,0.000,0.000,0.000,1650.000,79.000,14220.000,19800.000,92,78
1056,RE,Y,N,0.000,0.000,0.000,1400.000,79.000,14220.000,16800.000,92,114
1056,RE,Y,N,0.000,0.000,0.000,1400.000,79.000,14220.000,16800.000,92,114
1013,SJ,Y,N,625.000,0.000,0.000,1250.000,79.000,14220.000,15000.000,92,131
1056,KT,Y,N,1500.000,160.000,0.000,1250.000,79.000,14220.000,14840.000,92,132
1097,AN,N,N,1200.000,0.000,0.000,1200.000,79.000,14220.000,14400.000,92,135
1018,LP,Y,N,0.000,0.000,0.000,650.000,79.000,14220.000,7800.000,92,227
1018,LP,Y,N,700.000,0.000,0.000,650.000,79.000,14220.000,7800.000,92,227
1015,PH,N,N,0.000,0.000,40.000,1900.000,78.000,14040.000,22760.000,93,51
1015,PH,N,N,0.000,0.000,40.000,1750.000,78.000,14040.000,20960.000,93,66
1016,BS,N,N,0.000,175.000,0.000,4200.000,75.000,13500.000,50225.000,94,2
1017,LZ,N,N,0.000,300.000,0.000,3950.000,75.000,13500.000,47100.000,94,4
1073,AT,N,N,0.000,300.000,0.000,2350.000,75.000,13500.000,27900.000,94,25
1098,HA,N,N,0.000,0.000,0.000,2300.000,75.000,13500.000,27600.000,94,26
1018,AR,N,N,5000.000,0.000,0.000,2000.000,75.000,13500.000,24000.000,94,37
1083,DD,N,N,0.000,0.000,0.000,1975.000,75.000,13500.000,23700.000,94,43
1054,EB,Y,N,1950.000,0.000,0.000,1950.000,75.000,13500.000,23400.000,94,45
1012,NC,Y,N,2150.000,250.000,0.000,1900.000,75.000,13500.000,22550.000,94,52
1012,NC,Y,N,2150.000,250.000,0.000,1900.000,75.000,13500.000,22550.000,94,52
1018,MR,Y,N,3600.000,150.000,0.000,1800.000,75.000,13500.000,21450.000,94,61
1015,MT,N,N,0.000,0.000,40.000,1675.000,75.000,13500.000,20060.000,94,75
1056,NR,N,N,1600.000,0.000,0.000,1600.000,75.000,13500.000,19200.000,94,87
1051,GX,Y,N,3000.000,0.000,0.000,1500.000,75.000,13500.000,18000.000,94,101
1024,BG,N,N,2800.000,0.000,0.000,1500.000,75.000,13500.000,18000.000,94,101
1055,ED,Y,N,2998.000,0.000,0.000,1499.000,75.000,13500.000,17988.000,94,102
1055,ED,Y,N,2998.000,0.000,0.000,1499.000,75.000,13500.000,17988.000,94,102
1055,ED,Y,N,2998.000,0.000,0.000,1499.000,75.000,13500.000,17988.000,94,102
1055,ED,Y,N,2998.000,0.000,0.000,1499.000,75.000,13500.000,17988.000,94,102
1058,EC,N,N,2900.000,0.000,0.000,1475.000,75.000,13500.000,17700.000,94,107
1058,EC,N,N,2900.000,0.000,0.000,1475.000,75.000,13500.000,17700.000,94,107
1056,JH,N,N,0.000,0.000,0.000,1450.000,75.000,13500.000,17400.000,94,110
1095,AV,N,N,0.000,0.000,0.000,1400.000,75.000,13500.000,16800.000,94,114
1013,SR,N,N,1390.000,0.000,0.000,1390.000,75.000,13500.000,16680.000,94,116
1053,CG,Y,N,0.000,0.000,0.000,1375.000,75.000,13500.000,16500.000,94,120
1055,AA,N,N,1350.000,0.000,0.000,1350.000,75.000,13500.000,16200.000,94,122
1055,AA,Y,N,1750.000,0.000,0.000,1300.000,75.000,13500.000,15600.000,94,127
1055,AA,Y,N,1275.000,0.000,0.000,1275.000,75.000,13500.000,15300.000,94,129
1111,AH,N,N,2500.000,0.000,0.000,1250.000,75.000,13500.000,15000.000,94,131
1079,GH,Y,N,800.000,0.000,0.000,1250.000,75.000,13500.000,15000.000,94,131
1055,AA,Y,N,0.000,0.000,0.000,1250.000,75.000,13500.000,15000.000,94,131
1093,CN,N,N,2800.000,0.000,0.000,1200.000,75.000,13500.000,14400.000,94,135
1055,AA,Y,N,1750.000,65.000,0.000,1175.000,75.000,13500.000,14035.000,94,138
1093,CN,N,N,2000.000,45.000,0.000,1100.000,75.000,13500.000,13155.000,94,144
1055,AA,N,N,2150.000,0.000,0.000,1075.000,75.000,13500.000,12900.000,94,147
1093,XA,Y,N,1050.000,0.000,0.000,950.000,75.000,13500.000,11400.000,94,160
1093,XA,Y,N,1000.000,0.000,0.000,950.000,75.000,13500.000,11400.000,94,160
1013,HE,Y,N,0.000,0.000,0.000,900.000,75.000,13500.000,10800.000,94,167
1013,HE,Y,N,0.000,0.000,0.000,900.000,75.000,13500.000,10800.000,94,167
1013,HE,Y,N,0.000,0.000,0.000,900.000,75.000,13500.000,10800.000,94,167
1013,HE,Y,N,0.000,0.000,0.000,900.000,75.000,13500.000,10800.000,94,167
1055,AA,Y,N,400.000,0.000,0.000,850.000,75.000,13500.000,10200.000,94,186
1055,ZT,Y,N,1000.000,105.000,0.000,800.000,75.000,13500.000,9495.000,94,200
1092,VA,Y,N,0.000,0.000,0.000,750.000,75.000,13500.000,9000.000,94,212
1111,AH,Y,N,617.000,0.000,0.000,653.000,75.000,13500.000,7836.000,94,226
1056,WJ,Y,N,620.000,18.000,0.000,620.000,75.000,13500.000,7422.000,94,231
1055,ED,Y,N,750.000,0.000,0.000,590.000,75.000,13500.000,7080.000,94,238
1111,AH,Y,N,655.000,220.000,0.000,435.000,75.000,13500.000,5000.000,94,253
1018,DW,Y,N,650.000,100.000,0.000,650.000,74.000,13320.000,7700.000,95,228
1018,DW,Y,N,0.000,0.000,0.000,599.000,74.000,13320.000,7188.000,95,234
1018,DW,Y,N,0.000,0.000,0.000,599.000,74.000,13320.000,7188.000,95,234
1018,DW,Y,N,0.000,0.000,0.000,599.000,74.000,13320.000,7188.000,95,234
1018,DW,Y,N,0.000,0.000,0.000,499.000,74.000,13320.000,5988.000,95,249
1052,JL,N,N,0.000,0.000,0.000,1750.000,73.000,13140.000,21000.000,96,65
1095,BJ,Y,N,1900.000,300.000,0.000,1900.000,71.000,12780.000,22500.000,97,53
1019,DC,Y,N,5400.000,0.000,0.000,2700.000,70.000,12600.000,32400.000,98,12
1019,DC,Y,N,5400.000,0.000,0.000,2700.000,70.000,12600.000,32400.000,98,12
1019,DC,Y,N,5400.000,0.000,0.000,2700.000,70.000,12600.000,32400.000,98,12
1019,DC,Y,N,5400.000,0.000,0.000,2700.000,70.000,12600.000,32400.000,98,12
1019,DC,N,N,2500.000,0.000,0.000,2500.000,70.000,12600.000,30000.000,98,16
1057,RJ,N,N,2200.000,0.000,0.000,2200.000,70.000,12600.000,26400.000,98,29
1078,BA,N,N,0.000,0.000,0.000,1950.000,70.000,12600.000,23400.000,98,45
1073,LP,N,N,0.000,0.000,0.000,1950.000,70.000,12600.000,23400.000,98,45
1021,LR,N,N,3600.000,0.000,0.000,1800.000,70.000,12600.000,21600.000,98,57
1054,VC,Y,N,0.000,0.000,0.000,1750.000,70.000,12600.000,21000.000,98,65
1053,KV,N,N,0.000,300.000,0.000,1750.000,70.000,12600.000,20700.000,98,69
1054,VC,N,N,0.000,0.000,0.000,1500.000,70.000,12600.000,18000.000,98,101
1054,VC,N,N,0.000,0.000,0.000,1500.000,70.000,12600.000,18000.000,98,101
1095,TA,N,N,0.000,0.000,0.000,1500.000,70.000,12600.000,18000.000,98,101
1053,CG,Y,N,0.000,0.000,0.000,1375.000,70.000,12600.000,16500.000,98,120
1091,BD,Y,N,0.000,0.000,0.000,1300.000,70.000,12600.000,15600.000,98,127
1093,XA,Y,N,1050.000,0.000,0.000,950.000,70.000,12600.000,11400.000,98,160
1093,XA,Y,N,1000.000,0.000,0.000,950.000,70.000,12600.000,11400.000,98,160
1092,VA,Y,N,0.000,0.000,0.000,750.000,70.000,12600.000,9000.000,98,212
1073,LP,Y,N,750.000,0.000,50.000,750.000,70.000,12600.000,8950.000,98,214
1055,EX,Y,N,3200.000,0.000,0.000,1600.000,69.000,12420.000,19200.000,99,87
1055,ZT,Y,N,1000.000,105.000,0.000,800.000,69.000,12420.000,9495.000,99,200
1019,PE,Y,N,1500.000,95.000,0.000,750.000,69.000,12420.000,8905.000,99,216
1018,JM,Y,N,0.000,0.000,0.000,475.000,69.000,12420.000,5700.000,99,250
1018,JM,Y,N,0.000,0.000,0.000,475.000,69.000,12420.000,5700.000,99,250
1018,JM,Y,N,0.000,0.000,0.000,475.000,69.000,12420.000,5700.000,99,250
1018,SK,N,N,0.000,0.000,0.000,1450.000,68.000,12240.000,17400.000,100,110
1018,KP,Y,N,2000.000,0.000,0.000,1000.000,68.000,12240.000,12000.000,100,153
1055,ZT,Y,N,1000.000,105.000,0.000,800.000,67.000,12060.000,9495.000,101,200
1079,JG,N,N,3700.000,0.000,0.000,1850.000,65.000,11700.000,22200.000,102,54
1065,TP,N,N,2600.000,0.000,0.000,1300.000,65.000,11700.000,15600.000,102,127
1018,KP,Y,N,2000.000,0.000,0.000,1000.000,64.000,11520.000,12000.000,103,153
1096,GJ,N,N,0.000,0.000,0.000,1600.000,62.000,11160.000,19200.000,104,87
1096,GJ,N,N,0.000,0.000,0.000,1225.000,62.000,11160.000,14700.000,104,134
1096,GJ,Y,N,0.000,0.000,0.000,1200.000,62.000,11160.000,14400.000,104,135
1096,GJ,Y,N,750.000,0.000,0.000,1175.000,62.000,11160.000,14100.000,104,137
1096,GJ,N,N,0.000,0.000,0.000,1150.000,62.000,11160.000,13800.000,104,139
1054,ZT,N,N,0.000,0.000,0.000,3250.000,60.000,10800.000,39000.000,105,9
1056,LD,Y,N,1000.000,0.000,0.000,1999.000,60.000,10800.000,23988.000,105,38
1051,AC,Y,N,3950.000,0.000,0.000,1950.000,60.000,10800.000,23400.000,105,45
1051,AC,Y,N,3950.000,0.000,0.000,1950.000,60.000,10800.000,23400.000,105,45
1061,WB,N,N,0.000,0.000,0.000,1900.000,60.000,10800.000,22800.000,105,50
1061,WB,N,N,0.000,0.000,0.000,1850.000,60.000,10800.000,22200.000,105,54
1061,WB,N,N,0.000,0.000,0.000,1750.000,60.000,10800.000,21000.000,105,65
1061,WB,N,N,0.000,0.000,0.000,1750.000,60.000,10800.000,21000.000,105,65
1069,SC,N,N,1750.000,0.000,0.000,1700.000,60.000,10800.000,20400.000,105,70
1051,EV,Y,N,1650.000,0.000,0.000,1650.000,60.000,10800.000,19800.000,105,78
1073,GJ,N,N,3500.000,0.000,0.000,1650.000,60.000,10800.000,19800.000,105,78
1033,RA,Y,N,1550.000,0.000,0.000,1550.000,60.000,10800.000,18600.000,105,96
1019,LR,N,N,0.000,300.000,0.000,1495.000,60.000,10800.000,17640.000,105,108
1019,LR,N,N,0.000,300.000,0.000,1450.000,60.000,10800.000,17100.000,105,113
1065,TR,Y,N,1600.000,0.000,0.000,1400.000,60.000,10800.000,16800.000,105,114
1065,TR,Y,N,1600.000,0.000,0.000,1400.000,60.000,10800.000,16800.000,105,114
1065,TR,Y,N,1600.000,0.000,0.000,1400.000,60.000,10800.000,16800.000,105,114
1065,TR,Y,N,1500.000,0.000,0.000,1300.000,60.000,10800.000,15600.000,105,127
1053,LJ,N,N,0.000,0.000,0.000,925.000,60.000,10800.000,11100.000,105,164
1013,VZ,Y,N,900.000,0.000,0.000,900.000,60.000,10800.000,10800.000,105,167
1053,LJ,N,N,3600.000,75.000,0.000,900.000,60.000,10800.000,10725.000,105,169
1061,WB,Y,N,872.000,0.000,0.000,872.000,60.000,10800.000,10464.000,105,179
1013,VZ,Y,N,0.000,0.000,0.000,850.000,60.000,10800.000,10200.000,105,186
1056,GC,Y,N,1700.000,50.000,0.000,850.000,60.000,10800.000,10150.000,105,188
1056,GC,Y,N,1600.000,0.000,0.000,800.000,60.000,10800.000,9600.000,105,196
1061,WB,N,N,0.000,0.000,0.000,775.000,60.000,10800.000,9300.000,105,204
1061,WB,Y,N,775.000,75.000,0.000,775.000,60.000,10800.000,9225.000,105,206
1061,WB,Y,N,766.000,75.000,0.000,775.000,60.000,10800.000,9225.000,105,206
1069,SC,Y,N,680.000,38.000,0.000,642.000,60.000,10800.000,7666.000,105,229
1069,SC,Y,N,680.000,38.000,0.000,642.000,60.000,10800.000,7666.000,105,229
1021,LR,N,N,3600.000,0.000,0.000,1800.000,59.000,10620.000,21600.000,106,57
1066,HG,Y,N,0.000,0.000,0.000,940.000,59.000,10620.000,11280.000,106,162
1066,HG,Y,N,940.000,0.000,0.000,940.000,59.000,10620.000,11280.000,106,162
1066,HG,Y,N,0.000,0.000,0.000,940.000,59.000,10620.000,11280.000,106,162
1066,HG,Y,N,0.000,0.000,0.000,940.000,59.000,10620.000,11280.000,106,162
1066,HG,Y,N,800.000,0.000,0.000,800.000,59.000,10620.000,9600.000,106,196
1018,DW,Y,N,650.000,100.000,0.000,650.000,59.000,10620.000,7700.000,106,228
1018,DW,Y,N,0.000,0.000,0.000,599.000,59.000,10620.000,7188.000,106,234
1018,DW,Y,N,0.000,0.000,0.000,599.000,59.000,10620.000,7188.000,106,234
1018,DW,Y,N,0.000,0.000,0.000,599.000,59.000,10620.000,7188.000,106,234
1018,DW,Y,N,0.000,0.000,0.000,499.000,59.000,10620.000,5988.000,106,249
1097,HG,Y,N,0.000,0.000,0.000,1500.000,57.000,10260.000,18000.000,107,101
1058,GD,Y,N,3500.000,0.000,0.000,2200.000,55.000,9900.000,26400.000,108,29
1078,AW,N,N,0.000,0.000,0.000,2100.000,55.000,9900.000,25200.000,108,33
1072,NC,Y,N,4000.000,200.000,0.000,2000.000,55.000,9900.000,23800.000,108,41
1072,NC,Y,N,4000.000,200.000,0.000,2000.000,55.000,9900.000,23800.000,108,41
1072,NC,Y,N,1950.000,200.000,0.000,1950.000,55.000,9900.000,23200.000,108,48
1017,HA,N,N,0.000,0.000,0.000,1795.000,55.000,9900.000,21540.000,108,59
1059,CX,Y,N,1585.000,0.000,0.000,1585.000,55.000,9900.000,19020.000,108,91
1059,CX,Y,N,1500.000,0.000,0.000,1500.000,55.000,9900.000,18000.000,108,101
1055,AA,N,N,1350.000,0.000,0.000,1350.000,55.000,9900.000,16200.000,108,122
1055,AA,N,N,1350.000,0.000,0.000,1350.000,55.000,9900.000,16200.000,108,122
1055,AA,Y,N,1750.000,0.000,0.000,1300.000,55.000,9900.000,15600.000,108,127
1055,AA,Y,N,1750.000,0.000,0.000,1300.000,55.000,9900.000,15600.000,108,127
1055,AA,Y,N,1275.000,0.000,0.000,1275.000,55.000,9900.000,15300.000,108,129
1055,AA,Y,N,1275.000,0.000,0.000,1275.000,55.000,9900.000,15300.000,108,129
1055,AA,Y,N,0.000,0.000,0.000,1250.000,55.000,9900.000,15000.000,108,131
1055,AA,Y,N,0.000,0.000,0.000,1250.000,55.000,9900.000,15000.000,108,131
1071,AN,Y,N,1150.000,0.000,0.000,1227.000,55.000,9900.000,14724.000,108,133
1055,AA,Y,N,1750.000,65.000,0.000,1175.000,55.000,9900.000,14035.000,108,138
1055,AA,Y,N,1750.000,65.000,0.000,1175.000,55.000,9900.000,14035.000,108,138
1055,AA,N,N,2150.000,0.000,0.000,1075.000,55.000,9900.000,12900.000,108,147
1055,AA,N,N,2150.000,0.000,0.000,1075.000,55.000,9900.000,12900.000,108,147
1014,AG,Y,N,0.000,5000.000,0.000,1450.000,55.000,9900.000,12400.000,108,152
1073,BM,N,N,750.000,0.000,0.000,900.000,55.000,9900.000,10800.000,108,167
1072,NC,Y,N,1580.000,10.000,0.000,860.000,55.000,9900.000,10310.000,108,183
1055,AA,Y,N,400.000,0.000,0.000,850.000,55.000,9900.000,10200.000,108,186
1055,AA,Y,N,400.000,0.000,0.000,850.000,55.000,9900.000,10200.000,108,186
1072,NC,Y,N,800.000,0.000,0.000,830.000,55.000,9900.000,9960.000,108,191
1091,WS,Y,N,800.000,50.000,0.000,800.000,53.000,9540.000,9550.000,109,198
1083,CM,N,N,0.000,0.000,40.000,2450.000,50.000,9000.000,29360.000,110,21
1083,CM,N,N,0.000,0.000,40.000,2450.000,50.000,9000.000,29360.000,110,21
1058,ES,Y,N,0.000,0.000,0.000,2150.000,50.000,9000.000,25800.000,110,31
1058,ES,Y,N,0.000,0.000,0.000,2000.000,50.000,9000.000,24000.000,110,37
1055,SC,N,N,0.000,300.000,0.000,1950.000,50.000,9000.000,23100.000,110,49
1055,SC,N,N,0.000,300.000,0.000,1950.000,50.000,9000.000,23100.000,110,49
1068,PM,N,N,0.000,0.000,0.000,1850.000,50.000,9000.000,22200.000,110,54
1051,NV,Y,N,0.000,0.000,0.000,1750.000,50.000,9000.000,21000.000,110,65
1068,PM,N,N,0.000,0.000,0.000,1750.000,50.000,9000.000,21000.000,110,65
1068,PM,N,N,0.000,0.000,0.000,1750.000,50.000,9000.000,21000.000,110,65
1068,PM,N,N,0.000,0.000,0.000,1750.000,50.000,9000.000,21000.000,110,65
1068,PM,N,N,0.000,0.000,0.000,1675.000,50.000,9000.000,20100.000,110,74
1068,PM,N,N,0.000,0.000,0.000,1675.000,50.000,9000.000,20100.000,110,74
1068,PM,N,N,0.000,0.000,0.000,1675.000,50.000,9000.000,20100.000,110,74
1069,TD,Y,N,3100.000,0.000,0.000,1550.000,50.000,9000.000,18600.000,110,96
1069,TD,Y,N,3100.000,0.000,0.000,1550.000,50.000,9000.000,18600.000,110,96
1024,BG,N,N,2800.000,0.000,0.000,1500.000,50.000,9000.000,18000.000,110,101
1069,TD,Y,N,2990.000,0.000,0.000,1495.000,50.000,9000.000,17940.000,110,104
1069,TD,Y,N,2990.000,0.000,0.000,1495.000,50.000,9000.000,17940.000,110,104
1069,TD,Y,N,2990.000,0.000,0.000,1475.000,50.000,9000.000,17700.000,110,107
1069,TD,Y,N,2950.000,0.000,0.000,1475.000,50.000,9000.000,17700.000,110,107
1069,TD,Y,N,2900.000,0.000,0.000,1450.000,50.000,9000.000,17400.000,110,110
1069,TD,Y,N,0.000,0.000,0.000,1400.000,50.000,9000.000,16800.000,110,114
1061,MJ,N,N,1400.000,750.000,0.000,1400.000,50.000,9000.000,16050.000,110,125
1013,HE,Y,N,0.000,0.000,0.000,900.000,50.000,9000.000,10800.000,110,167
1013,HE,Y,N,0.000,0.000,0.000,900.000,50.000,9000.000,10800.000,110,167
1057,BG,Y,N,875.000,0.000,0.000,875.000,50.000,9000.000,10500.000,110,178
1052,EP,N,N,0.000,175.000,0.000,2200.000,49.000,8820.000,26225.000,111,30
1061,VX,N,N,0.000,0.000,0.000,2000.000,49.000,8820.000,24000.000,111,37
1024,PG,N,N,3300.000,125.000,0.000,1650.000,49.000,8820.000,19675.000,111,83
1075,GP,Y,N,0.000,0.000,0.000,1600.000,49.000,8820.000,19200.000,111,87
1094,ED,Y,N,1600.000,50.000,0.000,800.000,49.000,8820.000,9550.000,111,198
1018,DW,Y,N,650.000,100.000,0.000,650.000,49.000,8820.000,7700.000,111,228
1018,DW,Y,N,0.000,0.000,0.000,599.000,49.000,8820.000,7188.000,111,234
1018,DW,Y,N,0.000,0.000,0.000,599.000,49.000,8820.000,7188.000,111,234
1018,DW,Y,N,0.000,0.000,0.000,599.000,49.000,8820.000,7188.000,111,234
1018,DW,Y,N,0.000,0.000,0.000,499.000,49.000,8820.000,5988.000,111,249
1058,GD,Y,N,3500.000,0.000,0.000,2200.000,45.000,8100.000,26400.000,112,29
1095,BJ,Y,N,1900.000,300.000,0.000,1900.000,45.000,8100.000,22500.000,112,53
1069,SC,N,N,1750.000,0.000,0.000,1700.000,45.000,8100.000,20400.000,112,70
1056,SE,N,N,3330.000,0.000,0.000,1665.000,45.000,8100.000,19980.000,112,76
1019,HZ,Y,N,1100.000,0.000,0.000,1100.000,45.000,8100.000,13200.000,112,143
1062,KS,Y,N,1100.000,0.000,0.000,925.000,45.000,8100.000,11100.000,112,164
1062,KS,Y,N,614.000,650.000,0.000,760.000,45.000,8100.000,8470.000,112,219
1069,SC,Y,N,680.000,38.000,0.000,642.000,45.000,8100.000,7666.000,112,229
1069,SC,Y,N,680.000,38.000,0.000,642.000,45.000,8100.000,7666.000,112,229
1062,KS,Y,N,0.000,0.000,0.000,600.000,45.000,8100.000,7200.000,112,233
1062,KS,Y,N,733.000,100.000,0.000,600.000,45.000,8100.000,7100.000,112,237
1062,KS,Y,N,733.000,230.000,0.000,600.000,45.000,8100.000,6970.000,112,239
1062,KS,Y,N,733.000,230.000,0.000,600.000,45.000,8100.000,6970.000,112,239
1103,LH,Y,N,1500.000,150.000,0.000,1500.000,44.000,7920.000,17850.000,113,106
1095,TR,Y,N,0.000,0.000,0.000,1450.000,40.000,7200.000,17400.000,114,110
1019,HZ,Y,N,1100.000,0.000,0.000,1100.000,40.000,7200.000,13200.000,114,143
1055,EB,Y,N,1970.000,200.000,100.000,985.000,40.000,7200.000,11520.000,114,159
1055,EB,Y,N,1900.000,235.000,75.000,950.000,40.000,7200.000,11090.000,114,165
1055,EB,Y,N,750.000,95.000,0.000,750.000,40.000,7200.000,8905.000,114,216
1104,MP,N,N,3300.000,0.000,0.000,1600.000,39.000,7020.000,19200.000,115,87
1104,MP,N,N,0.000,0.000,0.000,1065.000,39.000,7020.000,12780.000,115,149
1033,WB,Y,N,2000.000,25.000,0.000,850.000,39.000,7020.000,10175.000,115,187
1033,WB,Y,N,0.000,0.000,0.000,775.000,39.000,7020.000,9300.000,115,204
1033,WB,Y,N,1000.000,50.000,0.000,775.000,39.000,7020.000,9250.000,115,205
1033,WB,Y,N,2000.000,30.000,0.000,750.000,39.000,7020.000,8970.000,115,213
